Date,Price_1
1/4/2000,2.16
1/5/2000,2.17
1/6/2000,2.18
1/7/2000,2.19
1/10/2000,2.2
1/11/2000,2.23
1/12/2000,2.25
1/13/2000,2.29
1/14/2000,2.28
1/17/2000,.
1/18/2000,2.35
1/19/2000,2.4
1/20/2000,2.53
1/21/2000,2.55
1/24/2000,2.55
1/25/2000,2.66
1/26/2000,2.73
1/27/2000,2.76
1/28/2000,2.84
1/31/2000,2.69
2/1/2000,2.81
2/2/2000,2.91
2/3/2000,2.85
2/4/2000,2.78
2/7/2000,2.81
2/8/2000,2.6
2/9/2000,2.62
2/10/2000,2.65
2/11/2000,2.65
2/14/2000,2.61
2/15/2000,2.61
2/16/2000,2.65
2/17/2000,2.66
2/18/2000,2.65
2/21/2000,.
2/22/2000,2.55
2/23/2000,2.5
2/24/2000,2.52
2/25/2000,2.51
2/28/2000,2.6
2/29/2000,2.65
3/1/2000,2.71
3/2/2000,2.8
3/3/2000,2.72
3/6/2000,2.76
3/7/2000,2.78
3/8/2000,2.74
3/9/2000,2.69
3/10/2000,.
3/13/2000,2.79
3/14/2000,2.83
3/15/2000,2.76
3/16/2000,2.84
3/17/2000,2.81
3/20/2000,2.73
3/21/2000,2.74
3/22/2000,2.78
3/23/2000,2.76
3/24/2000,2.82
3/27/2000,2.82
3/28/2000,2.94
3/29/2000,2.92
3/30/2000,2.83
3/31/2000,2.88
4/3/2000,2.92
4/4/2000,2.87
4/5/2000,2.86
4/6/2000,2.98
4/7/2000,2.99
4/10/2000,2.97
4/11/2000,2.98
4/12/2000,3.05
4/13/2000,3.05
4/14/2000,3.11
4/17/2000,3.13
4/18/2000,3.12
4/19/2000,3.12
4/20/2000,3.07
4/21/2000,.
4/24/2000,3.12
4/25/2000,3.18
4/26/2000,3.12
4/27/2000,3.06
4/28/2000,3.09
5/1/2000,3.16
5/2/2000,3.2
5/3/2000,3.18
5/4/2000,3.09
5/5/2000,3.11
5/8/2000,3.12
5/9/2000,3.25
5/10/2000,3.2
5/11/2000,3.37
5/12/2000,3.35
5/15/2000,3.37
5/16/2000,3.45
5/17/2000,3.49
5/18/2000,3.73
5/19/2000,3.76
5/22/2000,3.95
5/23/2000,3.85
5/24/2000,3.94
5/25/2000,4.18
5/26/2000,4.29
5/29/2000,.
5/30/2000,4.35
5/31/2000,4.52
6/1/2000,4.39
6/2/2000,4.21
6/5/2000,4.17
6/6/2000,4.48
6/7/2000,4.23
6/8/2000,3.96
6/9/2000,4.14
6/12/2000,4.22
6/13/2000,4.27
6/14/2000,4.16
6/15/2000,4.38
6/16/2000,4.45
6/19/2000,4.38
6/20/2000,4.02
6/21/2000,4.14
6/22/2000,4.44
6/23/2000,4.42
6/26/2000,4.37
6/27/2000,4.55
6/28/2000,4.44
6/29/2000,4.25
6/30/2000,4.36
7/3/2000,4.36
7/4/2000,.
7/5/2000,4.24
7/6/2000,4.02
7/7/2000,4
7/10/2000,4.19
7/11/2000,4.17
7/12/2000,4.29
7/13/2000,4.08
7/14/2000,4.17
7/17/2000,4.13
7/18/2000,3.99
7/19/2000,4.07
7/20/2000,3.86
7/21/2000,3.88
7/24/2000,3.74
7/25/2000,3.63
7/26/2000,3.59
7/27/2000,3.75
7/28/2000,3.89
7/31/2000,3.75
8/1/2000,3.78
8/2/2000,4.05
8/3/2000,4.23
8/4/2000,4.25
8/7/2000,4.39
8/8/2000,4.46
8/9/2000,4.48
8/10/2000,4.43
8/11/2000,4.44
8/14/2000,4.42
8/15/2000,4.24
8/16/2000,4.24
8/17/2000,4.35
8/18/2000,4.38
8/21/2000,4.6
8/22/2000,4.8
8/23/2000,4.67
8/24/2000,4.53
8/25/2000,4.55
8/28/2000,4.62
8/29/2000,4.6
8/30/2000,4.61
8/31/2000,4.76
9/1/2000,4.7
9/4/2000,.
9/5/2000,4.81
9/6/2000,4.89
9/7/2000,4.85
9/8/2000,4.74
9/11/2000,4.85
9/12/2000,4.96
9/13/2000,5.06
9/14/2000,5.1
9/15/2000,5.28
9/18/2000,5.06
9/19/2000,5.22
9/20/2000,5.24
9/21/2000,5.16
9/22/2000,5.16
9/25/2000,5.12
9/26/2000,5.28
9/27/2000,5.34
9/28/2000,5.2
9/29/2000,5.1
10/2/2000,5.24
10/3/2000,5.29
10/4/2000,5.22
10/5/2000,5.21
10/6/2000,5.04
10/9/2000,5.09
10/10/2000,5.16
10/11/2000,5.1
10/12/2000,5.54
10/13/2000,5.43
10/16/2000,5.34
10/17/2000,5.27
10/18/2000,5.36
10/19/2000,5.04
10/20/2000,4.84
10/23/2000,4.82
10/24/2000,4.84
10/25/2000,4.64
10/26/2000,4.61
10/27/2000,4.48
10/30/2000,4.56
10/31/2000,4.37
11/1/2000,4.4
11/2/2000,4.5
11/3/2000,4.64
11/6/2000,4.6
11/7/2000,4.68
11/8/2000,4.92
11/9/2000,5.34
11/10/2000,5.24
11/13/2000,5.59
11/14/2000,5.81
11/15/2000,5.95
11/16/2000,5.94
11/17/2000,5.62
11/20/2000,6.23
11/21/2000,6.35
11/22/2000,6.3
11/23/2000,.
11/24/2000,.
11/27/2000,6.24
11/28/2000,5.9
11/29/2000,5.93
11/30/2000,6.31
12/1/2000,6.53
12/4/2000,7.41
12/5/2000,8.03
12/6/2000,8.75
12/7/2000,8.48
12/8/2000,8.13
12/11/2000,9.96
12/12/2000,8.58
12/13/2000,7.8
12/14/2000,7.48
12/15/2000,8.03
12/18/2000,9.28
12/19/2000,9.11
12/20/2000,9.95
12/21/2000,10.49
12/22/2000,10.48
12/25/2000,.
12/26/2000,10.23
12/27/2000,9.58
12/28/2000,9.22
12/29/2000,10.48
1/1/2001,.
1/2/2001,9.97
1/3/2001,9.71
1/4/2001,9.45
1/5/2001,10.03
1/8/2001,10.31
1/9/2001,9.95
1/10/2001,9.91
1/11/2001,8.95
1/12/2001,8.75
1/15/2001,.
1/16/2001,8.16
1/17/2001,7.85
1/18/2001,7.09
1/19/2001,7.61
1/22/2001,7.7
1/23/2001,7.02
1/24/2001,6.81
1/25/2001,6.81
1/26/2001,7
1/29/2001,6.76
1/30/2001,5.96
1/31/2001,5.83
2/1/2001,5.82
2/2/2001,6.76
2/5/2001,6.15
2/6/2001,5.59
2/7/2001,5.67
2/8/2001,6.24
2/9/2001,6.24
2/12/2001,5.74
2/13/2001,5.58
2/14/2001,5.89
2/15/2001,5.35
2/16/2001,5.57
2/19/2001,.
2/20/2001,5.17
2/21/2001,5.2
2/22/2001,5.11
2/23/2001,5.05
2/26/2001,5.07
2/27/2001,5.07
2/28/2001,5.25
3/1/2001,5.25
3/2/2001,5.06
3/5/2001,5.32
3/6/2001,5.27
3/7/2001,5.22
3/8/2001,5.25
3/9/2001,5.13
3/12/2001,4.98
3/13/2001,5.08
3/14/2001,4.99
3/15/2001,5.27
3/16/2001,5.27
3/19/2001,5.27
3/20/2001,5.27
3/21/2001,5.16
3/22/2001,5.16
3/23/2001,5.16
3/26/2001,5.23
3/27/2001,5.47
3/28/2001,5.6
3/29/2001,5.31
3/30/2001,5.35
4/2/2001,5.25
4/3/2001,5.25
4/4/2001,5.24
4/5/2001,5.27
4/6/2001,5.33
4/9/2001,5.45
4/10/2001,5.55
4/11/2001,5.45
4/12/2001,5.32
4/13/2001,.
4/16/2001,5.48
4/17/2001,5.36
4/18/2001,5.15
4/19/2001,5.06
4/20/2001,5
4/23/2001,5.09
4/24/2001,5.13
4/25/2001,4.98
4/26/2001,4.92
4/27/2001,4.83
4/30/2001,4.73
5/1/2001,4.55
5/2/2001,4.54
5/3/2001,4.46
5/4/2001,4.5
5/7/2001,4.33
5/8/2001,4.22
5/9/2001,4.15
5/10/2001,4.17
5/11/2001,4.25
5/14/2001,4.28
5/15/2001,4.46
5/16/2001,4.46
5/17/2001,4.2
5/18/2001,4.15
5/21/2001,4.14
5/22/2001,4.04
5/23/2001,4.11
5/24/2001,4.12
5/25/2001,3.83
5/28/2001,.
5/29/2001,3.86
5/30/2001,3.66
5/31/2001,3.73
6/1/2001,3.7
6/4/2001,3.98
6/5/2001,3.93
6/6/2001,3.76
6/7/2001,3.68
6/8/2001,3.62
6/11/2001,3.91
6/12/2001,4.05
6/13/2001,4.13
6/14/2001,3.92
6/15/2001,3.86
6/18/2001,3.91
6/19/2001,3.96
6/20/2001,3.83
6/21/2001,3.69
6/22/2001,3.68
6/25/2001,3.56
6/26/2001,3.46
6/27/2001,3.39
6/28/2001,3.2
6/29/2001,2.91
7/2/2001,2.92
7/3/2001,3
7/4/2001,.
7/5/2001,3.09
7/6/2001,2.99
7/9/2001,3.1
7/10/2001,3.2
7/11/2001,3.21
7/12/2001,3.29
7/13/2001,3.15
7/16/2001,3.08
7/17/2001,3.14
7/18/2001,3.15
7/19/2001,3.01
7/20/2001,2.97
7/23/2001,3.02
7/24/2001,3
7/25/2001,3.06
7/26/2001,3.26
7/27/2001,3.06
7/30/2001,3.28
7/31/2001,3.31
8/1/2001,3.27
8/2/2001,3.15
8/3/2001,3.06
8/6/2001,3.07
8/7/2001,3.16
8/8/2001,3.11
8/9/2001,3.1
8/10/2001,2.99
8/13/2001,3
8/14/2001,3.05
8/15/2001,3.15
8/16/2001,3.46
8/17/2001,3.24
8/20/2001,3.17
8/21/2001,3.18
8/22/2001,3.2
8/23/2001,2.87
8/24/2001,2.77
8/27/2001,2.61
8/28/2001,2.57
8/29/2001,2.46
8/30/2001,2.47
8/31/2001,2.15
9/3/2001,.
9/4/2001,2.23
9/5/2001,2.34
9/6/2001,2.43
9/7/2001,2.36
9/10/2001,2.38
9/11/2001,2.38
9/12/2001,2.44
9/13/2001,2.39
9/14/2001,2.41
9/17/2001,2.36
9/18/2001,2.18
9/19/2001,2.13
9/20/2001,2.06
9/21/2001,2.04
9/24/2001,1.99
9/25/2001,1.94
9/26/2001,1.88
9/27/2001,1.9
9/28/2001,1.8
10/1/2001,1.74
10/2/2001,1.83
10/3/2001,1.97
10/4/2001,2.13
10/5/2001,2.11
10/8/2001,2.02
10/9/2001,2.11
10/10/2001,2.22
10/11/2001,2.41
10/12/2001,2.28
10/15/2001,2.26
10/16/2001,2.51
10/17/2001,2.61
10/18/2001,2.39
10/19/2001,2.31
10/22/2001,2.61
10/23/2001,2.82
10/24/2001,2.67
10/25/2001,3.15
10/26/2001,3.06
10/29/2001,3.21
10/30/2001,3.11
10/31/2001,3.07
11/1/2001,2.99
11/2/2001,2.93
11/5/2001,2.87
11/6/2001,2.72
11/7/2001,2.73
11/8/2001,2.68
11/9/2001,2.61
11/12/2001,2.45
11/13/2001,2.38
11/14/2001,2.29
11/15/2001,1.99
11/16/2001,1.69
11/19/2001,2.08
11/20/2001,2.55
11/21/2001,1.91
11/22/2001,.
11/23/2001,.
11/26/2001,1.79
11/27/2001,1.87
11/28/2001,2.3
11/29/2001,2.19
11/30/2001,1.83
12/3/2001,2.1
12/4/2001,2
12/5/2001,1.89
12/6/2001,1.81
12/7/2001,2.11
12/10/2001,2.28
12/11/2001,2.58
12/12/2001,2.57
12/13/2001,2.4
12/14/2001,2.4
12/17/2001,2.4
12/18/2001,2.4
12/19/2001,2.4
12/20/2001,2.4
12/21/2001,2.4
12/24/2001,.
12/25/2001,.
12/26/2001,2.4
12/27/2001,2.4
12/28/2001,2.4
12/31/2001,2.4
1/1/2002,.
1/2/2002,2.55
1/3/2002,2.58
1/4/2002,2.58
1/7/2002,2.58
1/8/2002,2.39
1/9/2002,2.31
1/10/2002,2.32
1/11/2002,2.32
1/14/2002,2.32
1/15/2002,2.32
1/16/2002,2.38
1/17/2002,2.4
1/18/2002,2.28
1/21/2002,.
1/22/2002,2.28
1/23/2002,2.28
1/24/2002,2.13
1/25/2002,2.03
1/28/2002,2.03
1/29/2002,2.03
1/30/2002,2.28
1/31/2002,2.28
2/1/2002,2.28
2/4/2002,2.28
2/5/2002,2.28
2/6/2002,2.14
2/7/2002,2.17
2/8/2002,2.21
2/11/2002,2.22
2/12/2002,2.39
2/13/2002,2.37
2/14/2002,2.26
2/15/2002,2.18
2/18/2002,.
2/19/2002,2.32
2/20/2002,2.41
2/21/2002,2.4
2/22/2002,2.4
2/25/2002,2.4
2/26/2002,2.46
2/27/2002,2.49
2/28/2002,2.49
3/1/2002,2.51
3/4/2002,2.66
3/5/2002,2.63
3/6/2002,2.52
3/7/2002,2.73
3/8/2002,2.82
3/11/2002,2.9
3/12/2002,2.94
3/13/2002,2.97
3/14/2002,2.78
3/15/2002,2.99
3/18/2002,3.15
3/19/2002,3.33
3/20/2002,3.29
3/21/2002,3.2
3/22/2002,3.57
3/25/2002,3.46
3/26/2002,3.59
3/27/2002,3.35
3/28/2002,3.18
3/29/2002,.
4/1/2002,3.43
4/2/2002,3.72
4/3/2002,3.68
4/4/2002,3.56
4/5/2002,3.31
4/8/2002,3.36
4/9/2002,3.25
4/10/2002,3.25
4/11/2002,3.14
4/12/2002,3.07
4/15/2002,3.27
4/16/2002,3.44
4/17/2002,3.4
4/18/2002,3.5
4/19/2002,3.4
4/22/2002,3.58
4/23/2002,3.63
4/24/2002,3.53
4/25/2002,3.46
4/26/2002,3.32
4/29/2002,3.44
4/30/2002,3.65
5/1/2002,3.79
5/2/2002,3.65
5/3/2002,3.71
5/6/2002,3.61
5/7/2002,3.5
5/8/2002,3.74
5/9/2002,3.72
5/10/2002,3.7
5/13/2002,3.62
5/14/2002,3.75
5/15/2002,3.6
5/16/2002,3.45
5/17/2002,3.41
5/20/2002,3.44
5/21/2002,3.33
5/22/2002,3.39
5/23/2002,3.38
5/24/2002,3.21
5/27/2002,.
5/28/2002,3.18
5/29/2002,3.3
5/30/2002,3.33
5/31/2002,3.15
6/3/2002,3.18
6/4/2002,3.31
6/5/2002,3.29
6/6/2002,3.29
6/7/2002,3.11
6/10/2002,3.14
6/11/2002,3.11
6/12/2002,3.15
6/13/2002,3.04
6/14/2002,3.13
6/17/2002,3.34
6/18/2002,3.23
6/19/2002,3.24
6/20/2002,3.33
6/21/2002,3.18
6/24/2002,3.33
6/25/2002,3.49
6/26/2002,3.92
6/27/2002,3.22
6/28/2002,3.2
7/1/2002,3.28
7/2/2002,3.17
7/3/2002,3.08
7/4/2002,.
7/5/2002,.
7/8/2002,3.06
7/9/2002,2.97
7/10/2002,3.04
7/11/2002,2.85
7/12/2002,2.87
7/15/2002,2.83
7/16/2002,2.89
7/17/2002,2.97
7/18/2002,2.85
7/19/2002,2.95
7/22/2002,3.01
7/23/2002,2.95
7/24/2002,2.91
7/25/2002,3.05
7/26/2002,2.94
7/29/2002,3.07
7/30/2002,2.97
7/31/2002,3.02
8/1/2002,3.07
8/2/2002,2.9
8/5/2002,2.81
8/6/2002,2.8
8/7/2002,2.73
8/8/2002,2.75
8/9/2002,2.83
8/12/2002,2.91
8/13/2002,3.01
8/14/2002,3.03
8/15/2002,2.92
8/16/2002,3.1
8/19/2002,3.1
8/20/2002,3.25
8/21/2002,3.22
8/22/2002,3.36
8/23/2002,3.48
8/26/2002,3.51
8/27/2002,3.47
8/28/2002,3.31
8/29/2002,3.25
8/30/2002,3.12
9/2/2002,.
9/3/2002,3.1
9/4/2002,3.13
9/5/2002,3.2
9/6/2002,3.39
9/9/2002,3.24
9/10/2002,3.35
9/11/2002,3.33
9/12/2002,3.22
9/13/2002,3.37
9/16/2002,3.45
9/17/2002,3.46
9/18/2002,3.8
9/19/2002,3.9
9/20/2002,3.95
9/23/2002,3.87
9/24/2002,4
9/25/2002,3.76
9/26/2002,3.61
9/27/2002,3.76
9/30/2002,4.09
10/1/2002,4.41
10/2/2002,4.27
10/3/2002,4.23
10/4/2002,3.86
10/7/2002,3.77
10/8/2002,3.86
10/9/2002,3.91
10/10/2002,3.93
10/11/2002,3.8
10/14/2002,4.19
10/15/2002,4.19
10/16/2002,4.1
10/17/2002,4.1
10/18/2002,4.11
10/21/2002,4.23
10/22/2002,4.2
10/23/2002,4.24
10/24/2002,4.3
10/25/2002,4.12
10/28/2002,4.16
10/29/2002,4.2
10/30/2002,4.34
10/31/2002,4.39
11/1/2002,4.07
11/4/2002,3.94
11/5/2002,3.9
11/6/2002,3.92
11/7/2002,3.9
11/8/2002,3.76
11/11/2002,3.83
11/12/2002,3.83
11/13/2002,3.83
11/14/2002,3.9
11/15/2002,3.92
11/18/2002,4.18
11/19/2002,4.25
11/20/2002,4.27
11/21/2002,4.24
11/22/2002,4.32
11/25/2002,4.34
11/26/2002,4.23
11/27/2002,4.19
11/28/2002,.
11/29/2002,.
12/2/2002,4.23
12/3/2002,4.35
12/4/2002,4.24
12/5/2002,4.35
12/6/2002,4.39
12/9/2002,4.32
12/10/2002,4.4
12/11/2002,4.63
12/12/2002,4.81
12/13/2002,5.05
12/16/2002,5.31
12/17/2002,5.13
12/18/2002,4.98
12/19/2002,5.14
12/20/2002,5.05
12/23/2002,5.03
12/24/2002,5.03
12/25/2002,.
12/26/2002,4.98
12/27/2002,4.81
12/30/2002,4.74
12/31/2002,4.59
1/1/2003,.
1/2/2003,4.93
1/3/2003,5.13
1/6/2003,4.94
1/7/2003,4.89
1/8/2003,5.07
1/9/2003,5.05
1/10/2003,5.19
1/13/2003,5.23
1/14/2003,5.25
1/15/2003,5.21
1/16/2003,5.5
1/17/2003,5.66
1/20/2003,.
1/21/2003,5.47
1/22/2003,5.72
1/23/2003,6.55
1/24/2003,5.91
1/27/2003,5.91
1/28/2003,5.52
1/29/2003,5.61
1/30/2003,5.76
1/31/2003,5.58
2/3/2003,5.71
2/4/2003,6.26
2/5/2003,6.22
2/6/2003,6.08
2/7/2003,6.3
2/10/2003,6.35
2/11/2003,6.19
2/12/2003,6.19
2/13/2003,5.81
2/14/2003,5.88
2/17/2003,.
2/18/2003,6.09
2/19/2003,6.1
2/20/2003,6.38
2/21/2003,6.73
2/24/2003,11.98
2/25/2003,18.48
2/26/2003,10.47
2/27/2003,8.42
2/28/2003,10.81
3/3/2003,8.51
3/4/2003,7.71
3/5/2003,7.8
3/6/2003,7.57
3/7/2003,7.42
3/10/2003,6.78
3/11/2003,6.25
3/12/2003,5.8
3/13/2003,5.71
3/14/2003,5.17
3/17/2003,5.32
3/18/2003,5.13
3/19/2003,5.2
3/20/2003,5.2
3/21/2003,5.05
3/24/2003,5.07
3/25/2003,5.07
3/26/2003,4.9
3/27/2003,4.87
3/28/2003,5.06
3/31/2003,5.01
4/1/2003,4.9
4/2/2003,4.89
4/3/2003,4.91
4/4/2003,4.86
4/7/2003,4.98
4/8/2003,5.21
4/9/2003,5.11
4/10/2003,5.18
4/11/2003,5.28
4/14/2003,5.29
4/15/2003,5.53
4/16/2003,5.62
4/17/2003,5.54
4/18/2003,.
4/21/2003,5.55
4/22/2003,5.58
4/23/2003,5.58
4/24/2003,5.46
4/25/2003,5.39
4/28/2003,5.3
4/29/2003,5.12
4/30/2003,5.25
5/1/2003,5.32
5/2/2003,5.24
5/5/2003,5.36
5/6/2003,5.64
5/7/2003,5.49
5/8/2003,5.65
5/9/2003,5.73
5/12/2003,5.91
5/13/2003,5.98
5/14/2003,6.17
5/15/2003,6.24
5/16/2003,5.96
5/19/2003,6.08
5/20/2003,5.93
5/21/2003,6.08
5/22/2003,6.09
5/23/2003,5.92
5/26/2003,.
5/27/2003,5.84
5/28/2003,5.71
5/29/2003,5.76
5/30/2003,5.99
6/2/2003,6.22
6/3/2003,6.25
6/4/2003,6.4
6/5/2003,6.17
6/6/2003,6.25
6/9/2003,6.25
6/10/2003,6.08
6/11/2003,6.06
6/12/2003,5.86
6/13/2003,5.44
6/16/2003,5.45
6/17/2003,5.66
6/18/2003,5.53
6/19/2003,5.53
6/20/2003,5.68
6/23/2003,5.89
6/24/2003,5.84
6/25/2003,5.64
6/26/2003,5.49
6/27/2003,5.19
6/30/2003,5.31
7/1/2003,5.22
7/2/2003,5.05
7/3/2003,4.96
7/4/2003,.
7/7/2003,5.2
7/8/2003,5.4
7/9/2003,5.56
7/10/2003,5.4
7/11/2003,5.22
7/14/2003,5.15
7/15/2003,5.17
7/16/2003,5
7/17/2003,4.96
7/18/2003,5.01
7/21/2003,5.11
7/22/2003,5.04
7/23/2003,4.88
7/24/2003,4.86
7/25/2003,4.68
7/28/2003,4.68
7/29/2003,4.72
7/30/2003,4.68
7/31/2003,4.63
8/1/2003,4.71
8/4/2003,4.81
8/5/2003,4.71
8/6/2003,4.74
8/7/2003,4.85
8/8/2003,5.02
8/11/2003,5.08
8/12/2003,5.06
8/13/2003,5.17
8/14/2003,5.1
8/15/2003,4.83
8/18/2003,4.94
8/19/2003,4.99
8/20/2003,5.03
8/21/2003,5.14
8/22/2003,5.24
8/25/2003,5.26
8/26/2003,5.09
8/27/2003,5.11
8/28/2003,4.94
8/29/2003,4.86
9/1/2003,.
9/2/2003,4.62
9/3/2003,4.68
9/4/2003,4.7
9/5/2003,4.76
9/8/2003,4.82
9/9/2003,4.7
9/10/2003,4.78
9/11/2003,4.85
9/12/2003,4.66
9/15/2003,4.66
9/16/2003,4.67
9/17/2003,4.61
9/18/2003,4.52
9/19/2003,4.33
9/22/2003,4.38
9/23/2003,4.51
9/24/2003,4.58
9/25/2003,4.55
9/26/2003,4.42
9/29/2003,4.57
9/30/2003,4.66
10/1/2003,4.47
10/2/2003,4.42
10/3/2003,4.34
10/6/2003,4.4
10/7/2003,4.66
10/8/2003,4.84
10/9/2003,4.78
10/10/2003,4.92
10/13/2003,4.96
10/14/2003,4.84
10/15/2003,4.93
10/16/2003,4.92
10/17/2003,4.53
10/20/2003,4.3
10/21/2003,4.64
10/22/2003,4.89
10/23/2003,4.9
10/24/2003,4.78
10/27/2003,4.56
10/28/2003,4.45
10/29/2003,4.51
10/30/2003,4.4
10/31/2003,3.98
11/3/2003,4.12
11/4/2003,4.01
11/5/2003,4.46
11/6/2003,4.74
11/7/2003,4.48
11/10/2003,4.42
11/11/2003,4.52
11/12/2003,4.77
11/13/2003,4.6
11/14/2003,4.62
11/17/2003,4.49
11/18/2003,4.35
11/19/2003,4.46
11/20/2003,4.35
11/21/2003,4.15
11/24/2003,4.57
11/25/2003,4.49
11/26/2003,4.86
11/27/2003,.
11/28/2003,.
12/1/2003,5.02
12/2/2003,5.45
12/3/2003,5.45
12/4/2003,5.7
12/5/2003,6.27
12/8/2003,6.06
12/9/2003,6.52
12/10/2003,6.67
12/11/2003,6.56
12/12/2003,6.73
12/15/2003,6.63
12/16/2003,6.58
12/17/2003,6.56
12/18/2003,6.98
12/19/2003,6.92
12/22/2003,6.32
12/23/2003,5.58
12/24/2003,5.5
12/25/2003,.
12/26/2003,.
12/29/2003,5.46
12/30/2003,5.96
12/31/2003,5.76
1/1/2004,.
1/2/2004,.
1/5/2004,6.28
1/6/2004,7.04
1/7/2004,6.61
1/8/2004,6.41
1/9/2004,6.91
1/12/2004,6.29
1/13/2004,6.26
1/14/2004,5.73
1/15/2004,6.02
1/16/2004,5.43
1/19/2004,.
1/20/2004,6.15
1/21/2004,6.26
1/22/2004,6.03
1/23/2004,5.82
1/26/2004,5.7
1/27/2004,5.87
1/28/2004,6.04
1/29/2004,5.99
1/30/2004,5.8
2/2/2004,5.51
2/3/2004,5.69
2/4/2004,5.74
2/5/2004,5.54
2/6/2004,5.38
2/9/2004,5.44
2/10/2004,5.49
2/11/2004,5.34
2/12/2004,5.35
2/13/2004,5.62
2/16/2004,.
2/17/2004,5.43
2/18/2004,5.33
2/19/2004,5.28
2/20/2004,5.19
2/23/2004,5.1
2/24/2004,5.08
2/25/2004,5.1
2/26/2004,5.13
2/27/2004,5.27
3/1/2004,5.17
3/2/2004,5.37
3/3/2004,5.34
3/4/2004,5.17
3/5/2004,5.32
3/8/2004,5.42
3/9/2004,5.34
3/10/2004,5.33
3/11/2004,5.33
3/12/2004,5.52
3/15/2004,5.59
3/16/2004,5.6
3/17/2004,5.61
3/18/2004,5.63
3/19/2004,5.49
3/22/2004,5.46
3/23/2004,5.36
3/24/2004,5.35
3/25/2004,5.22
3/26/2004,5.16
3/29/2004,5.25
3/30/2004,5.4
3/31/2004,5.63
4/1/2004,5.82
4/2/2004,5.69
4/5/2004,5.81
4/6/2004,5.7
4/7/2004,5.76
4/8/2004,5.84
4/9/2004,.
4/12/2004,5.85
4/13/2004,5.92
4/14/2004,5.73
4/15/2004,5.68
4/16/2004,5.62
4/19/2004,5.57
4/20/2004,5.46
4/21/2004,5.52
4/22/2004,5.59
4/23/2004,5.53
4/26/2004,5.6
4/27/2004,5.81
4/28/2004,5.8
4/29/2004,5.78
4/30/2004,5.81
5/3/2004,5.8
5/4/2004,6.21
5/5/2004,6.09
5/6/2004,6.22
5/7/2004,6.18
5/10/2004,6.14
5/11/2004,6.24
5/12/2004,6.41
5/13/2004,6.42
5/14/2004,6.43
5/17/2004,6.41
5/18/2004,6.28
5/19/2004,6.18
5/20/2004,6.44
5/21/2004,6.35
5/24/2004,6.48
5/25/2004,6.73
5/26/2004,6.7
5/27/2004,6.51
5/28/2004,6.45
5/31/2004,.
6/1/2004,6.45
6/2/2004,6.51
6/3/2004,6.44
6/4/2004,6.15
6/7/2004,6.09
6/8/2004,6.19
6/9/2004,6.04
6/10/2004,6
6/11/2004,.
6/14/2004,6.15
6/15/2004,6.35
6/16/2004,6.38
6/17/2004,6.57
6/18/2004,6.48
6/21/2004,6.42
6/22/2004,6.29
6/23/2004,6.3
6/24/2004,6.41
6/25/2004,6.28
6/28/2004,6.13
6/29/2004,6.02
6/30/2004,6.03
7/1/2004,5.95
7/2/2004,5.88
7/5/2004,.
7/6/2004,6.16
7/7/2004,6.27
7/8/2004,6.19
7/9/2004,5.89
7/12/2004,5.95
7/13/2004,5.85
7/14/2004,5.91
7/15/2004,5.92
7/16/2004,5.77
7/19/2004,5.75
7/20/2004,5.8
7/21/2004,5.9
7/22/2004,5.85
7/23/2004,5.98
7/26/2004,5.94
7/27/2004,5.87
7/28/2004,5.77
7/29/2004,5.93
7/30/2004,6.03
8/2/2004,5.86
8/3/2004,5.77
8/4/2004,5.7
8/5/2004,5.54
8/6/2004,5.42
8/9/2004,5.58
8/10/2004,5.78
8/11/2004,5.64
8/12/2004,5.46
8/13/2004,5.27
8/16/2004,5.34
8/17/2004,5.27
8/18/2004,5.36
8/19/2004,5.34
8/20/2004,5.39
8/23/2004,5.34
8/24/2004,5.23
8/25/2004,5.32
8/26/2004,5.19
8/27/2004,5.05
8/30/2004,5.05
8/31/2004,5.04
9/1/2004,5.02
9/2/2004,4.75
9/3/2004,4.32
9/6/2004,.
9/7/2004,4.41
9/8/2004,4.69
9/9/2004,4.57
9/10/2004,4.57
9/13/2004,5.12
9/14/2004,5.15
9/15/2004,5.17
9/16/2004,4.82
9/17/2004,4.95
9/20/2004,5.22
9/21/2004,5.43
9/22/2004,5.58
9/23/2004,5.58
9/24/2004,5.41
9/27/2004,5.22
9/28/2004,5.45
9/29/2004,6.26
9/30/2004,6.36
10/1/2004,5.38
10/4/2004,5.72
10/5/2004,6.07
10/6/2004,6
10/7/2004,6.24
10/8/2004,5.59
10/11/2004,5.63
10/12/2004,5.63
10/13/2004,5.38
10/14/2004,5.76
10/15/2004,5.64
10/18/2004,5.64
10/19/2004,6.13
10/20/2004,7.27
10/21/2004,7.35
10/22/2004,7.11
10/25/2004,7.75
10/26/2004,7.78
10/27/2004,8.12
10/28/2004,6.8
10/29/2004,6.43
11/1/2004,6.98
11/2/2004,6.88
11/3/2004,7.25
11/4/2004,7.4
11/5/2004,6.08
11/8/2004,6.62
11/9/2004,5.79
11/10/2004,6.12
11/11/2004,6.19
11/12/2004,5.9
11/15/2004,6.02
11/16/2004,6.57
11/17/2004,6.06
11/18/2004,5.59
11/19/2004,4.81
11/22/2004,5.24
11/23/2004,5.24
11/24/2004,5.01
11/25/2004,.
11/26/2004,.
11/29/2004,6.76
11/30/2004,6.79
12/1/2004,6.78
12/2/2004,6.69
12/3/2004,6.04
12/6/2004,6.05
12/7/2004,6.03
12/8/2004,5.98
12/9/2004,6.04
12/10/2004,6.29
12/13/2004,6.89
12/14/2004,7.1
12/15/2004,7.04
12/16/2004,6.88
12/17/2004,7.26
12/20/2004,7.14
12/21/2004,6.83
12/22/2004,7.05
12/23/2004,6.98
12/24/2004,.
12/27/2004,6.57
12/28/2004,6.27
12/29/2004,6.18
12/30/2004,6.02
12/31/2004,.
1/3/2005,5.53
1/4/2005,5.71
1/5/2005,5.84
1/6/2005,5.79
1/7/2005,5.82
1/10/2005,6.21
1/11/2005,5.96
1/12/2005,5.89
1/13/2005,6.06
1/14/2005,6.45
1/17/2005,.
1/18/2005,6.69
1/19/2005,6.19
1/20/2005,6.27
1/21/2005,6.43
1/24/2005,6.41
1/25/2005,6.44
1/26/2005,6.44
1/27/2005,6.5
1/28/2005,6.23
1/31/2005,6.14
2/1/2005,6.28
2/2/2005,6.38
2/3/2005,6.32
2/4/2005,6.12
2/7/2005,6.02
2/8/2005,5.95
2/9/2005,6.2
2/10/2005,6.21
2/11/2005,6.02
2/14/2005,5.95
2/15/2005,6.01
2/16/2005,6.1
2/17/2005,6.05
2/18/2005,5.88
2/21/2005,.
2/22/2005,5.92
2/23/2005,6.02
2/24/2005,6.33
2/25/2005,6.24
2/28/2005,6.62
3/1/2005,6.63
3/2/2005,6.61
3/3/2005,6.71
3/4/2005,6.51
3/7/2005,6.66
3/8/2005,6.81
3/9/2005,6.99
3/10/2005,6.91
3/11/2005,6.73
3/14/2005,6.86
3/15/2005,7.16
3/16/2005,7.08
3/17/2005,7.25
3/18/2005,7.12
3/21/2005,7.16
3/22/2005,7.24
3/23/2005,7.11
3/24/2005,7.07
3/25/2005,.
3/28/2005,6.94
3/29/2005,6.93
3/30/2005,7.18
3/31/2005,7.46
4/1/2005,7.57
4/4/2005,7.8
4/5/2005,7.44
4/6/2005,7.46
4/7/2005,7.5
4/8/2005,7.26
4/11/2005,7.17
4/12/2005,7.34
4/13/2005,7.07
4/14/2005,7.02
4/15/2005,6.95
4/18/2005,6.95
4/19/2005,6.95
4/20/2005,7.1
4/21/2005,6.93
4/22/2005,7.06
4/25/2005,7.27
4/26/2005,7.08
4/27/2005,7.1
4/28/2005,6.67
4/29/2005,6.64
5/2/2005,6.5
5/3/2005,6.61
5/4/2005,6.49
5/5/2005,6.65
5/6/2005,6.67
5/9/2005,6.56
5/10/2005,6.67
5/11/2005,6.63
5/12/2005,6.62
5/13/2005,6.47
5/16/2005,6.45
5/17/2005,6.41
5/18/2005,6.5
5/19/2005,6.39
5/20/2005,6.36
5/23/2005,6.33
5/24/2005,6.45
5/25/2005,6.33
5/26/2005,6.3
5/27/2005,6.22
5/30/2005,.
5/31/2005,6.31
6/1/2005,6.36
6/2/2005,6.63
6/3/2005,6.65
6/6/2005,7.05
6/7/2005,7.13
6/8/2005,7.22
6/9/2005,7.05
6/10/2005,7.09
6/13/2005,7.08
6/14/2005,7.32
6/15/2005,7.39
6/16/2005,7.41
6/17/2005,7.61
6/20/2005,7.8
6/21/2005,7.46
6/22/2005,7.39
6/23/2005,7.51
6/24/2005,7.45
6/27/2005,7.29
6/28/2005,7.04
6/29/2005,7.08
6/30/2005,7.01
7/1/2005,7.01
7/4/2005,.
7/5/2005,7.38
7/6/2005,7.69
7/7/2005,7.62
7/8/2005,7.87
7/11/2005,7.35
7/12/2005,7.79
7/13/2005,7.78
7/14/2005,7.99
7/15/2005,8.02
7/18/2005,7.77
7/19/2005,7.7
7/20/2005,7.75
7/21/2005,7.64
7/22/2005,7.41
7/25/2005,7.38
7/26/2005,7.45
7/27/2005,7.52
7/28/2005,7.69
7/29/2005,7.76
8/1/2005,8.03
8/2/2005,8.38
8/3/2005,8.75
8/4/2005,8.55
8/5/2005,8.6
8/8/2005,8.93
8/9/2005,8.7
8/10/2005,8.82
8/11/2005,9.29
8/12/2005,9.59
8/15/2005,9.53
8/16/2005,9.66
8/17/2005,9.99
8/18/2005,9.38
8/19/2005,9.09
8/22/2005,9.44
8/23/2005,9.96
8/24/2005,10.02
8/25/2005,9.77
8/26/2005,9.86
8/29/2005,9.86
8/30/2005,12.36
8/31/2005,12.69
9/1/2005,11.36
9/2/2005,11.75
9/5/2005,.
9/6/2005,11.56
9/7/2005,11.03
9/8/2005,10.92
9/9/2005,11.03
9/12/2005,10.68
9/13/2005,10.71
9/14/2005,10.8
9/15/2005,11.24
9/16/2005,11.25
9/19/2005,11.99
9/20/2005,12.76
9/21/2005,14.26
9/22/2005,14.84
9/23/2005,.
9/26/2005,.
9/27/2005,.
9/28/2005,.
9/29/2005,.
9/30/2005,.
10/3/2005,.
10/4/2005,.
10/5/2005,.
10/6/2005,.
10/7/2005,13.67
10/10/2005,13.29
10/11/2005,13.67
10/12/2005,13.77
10/13/2005,13.48
10/14/2005,12.8
10/17/2005,13.89
10/18/2005,13.41
10/19/2005,13.52
10/20/2005,13.24
10/21/2005,12.73
10/24/2005,12.95
10/25/2005,13.9
10/26/2005,14.68
10/27/2005,13.9
10/28/2005,13.1
10/31/2005,12.18
11/1/2005,10.8
11/2/2005,10.85
11/3/2005,10.79
11/4/2005,9.67
11/7/2005,8.77
11/8/2005,9.15
11/9/2005,9.31
11/10/2005,9.66
11/11/2005,9.2
11/14/2005,9.15
11/15/2005,9.21
11/16/2005,11.03
11/17/2005,11.92
11/18/2005,10.01
11/21/2005,10.48
11/22/2005,11.15
11/23/2005,11.02
11/24/2005,.
11/25/2005,.
11/28/2005,11.01
11/29/2005,11.17
11/30/2005,11.73
12/1/2005,12.58
12/2/2005,12.95
12/5/2005,14.27
12/6/2005,13.57
12/7/2005,13.95
12/8/2005,14.25
12/9/2005,15.02
12/12/2005,14.82
12/13/2005,15.39
12/14/2005,14.81
12/15/2005,14.07
12/16/2005,13.36
12/19/2005,13.73
12/20/2005,13.79
12/21/2005,13.56
12/22/2005,13.03
12/23/2005,11.17
12/26/2005,.
12/27/2005,10.22
12/28/2005,9.9
12/29/2005,10.07
12/30/2005,9.52
1/2/2006,.
1/3/2006,9.9
1/4/2006,9.25
1/5/2006,9.24
1/6/2006,9.3
1/9/2006,8.79
1/10/2006,8.6
1/11/2006,8.55
1/12/2006,8.7
1/13/2006,8.5
1/16/2006,.
1/17/2006,8.82
1/18/2006,8.86
1/19/2006,8.21
1/20/2006,8.8
1/23/2006,8.29
1/24/2006,8.27
1/25/2006,8.5
1/26/2006,7.86
1/27/2006,8.19
1/30/2006,8.36
1/31/2006,8.73
2/1/2006,8.71
2/2/2006,8.01
2/3/2006,8.01
2/6/2006,8.24
2/7/2006,7.74
2/8/2006,7.88
2/9/2006,7.55
2/10/2006,7.57
2/13/2006,7.36
2/14/2006,7.03
2/15/2006,7.31
2/16/2006,7.16
2/17/2006,7.39
2/20/2006,.
2/21/2006,7.4
2/22/2006,7.55
2/23/2006,7.23
2/24/2006,7.39
2/27/2006,6.97
2/28/2006,6.69
3/1/2006,6.62
3/2/2006,6.69
3/3/2006,6.59
3/6/2006,6.5
3/7/2006,6.53
3/8/2006,6.47
3/9/2006,6.31
3/10/2006,6.4
3/13/2006,6.77
3/14/2006,7.15
3/15/2006,7.1
3/16/2006,7.12
3/17/2006,7.17
3/20/2006,7
3/21/2006,6.83
3/22/2006,7.06
3/23/2006,7.16
3/24/2006,7.43
3/27/2006,7.05
3/28/2006,7.15
3/29/2006,7.16
3/30/2006,7.19
3/31/2006,6.98
4/3/2006,7.08
4/4/2006,7.04
4/5/2006,6.89
4/6/2006,7.06
4/7/2006,6.81
4/10/2006,6.83
4/11/2006,6.99
4/12/2006,6.78
4/13/2006,6.64
4/14/2006,.
4/17/2006,7.22
4/18/2006,7.6
4/19/2006,7.72
4/20/2006,7.95
4/21/2006,7.65
4/24/2006,7.73
4/25/2006,7.37
4/26/2006,7.17
4/27/2006,6.94
4/28/2006,6.64
5/1/2006,6.53
5/2/2006,6.68
5/3/2006,6.56
5/4/2006,6.47
5/5/2006,6.8
5/8/2006,6.54
5/9/2006,6.55
5/10/2006,6.5
5/11/2006,6.8
5/12/2006,6.35
5/15/2006,5.92
5/16/2006,5.99
5/17/2006,6.15
5/18/2006,5.79
5/19/2006,5.77
5/22/2006,5.91
5/23/2006,6.27
5/24/2006,6.01
5/25/2006,5.85
5/26/2006,5.78
5/29/2006,.
5/30/2006,6.2
5/31/2006,5.97
6/1/2006,6.25
6/2/2006,6.23
6/5/2006,6.4
6/6/2006,6.16
6/7/2006,5.82
6/8/2006,5.84
6/9/2006,6.1
6/12/2006,6.02
6/13/2006,5.95
6/14/2006,6.08
6/15/2006,6.43
6/16/2006,7.03
6/19/2006,6.71
6/20/2006,6.62
6/21/2006,6.5
6/22/2006,6.51
6/23/2006,6.14
6/26/2006,5.89
6/27/2006,5.97
6/28/2006,6.04
6/29/2006,6.09
6/30/2006,5.84
7/3/2006,.
7/4/2006,.
7/5/2006,5.7
7/6/2006,5.28
7/7/2006,5.18
7/10/2006,5.32
7/11/2006,5.51
7/12/2006,5.66
7/13/2006,5.92
7/14/2006,6.28
7/17/2006,6.27
7/18/2006,6.02
7/19/2006,5.89
7/20/2006,6.14
7/21/2006,5.9
7/24/2006,6.33
7/25/2006,6.78
7/26/2006,6.71
7/27/2006,7.03
7/28/2006,7.24
7/31/2006,8.04
8/1/2006,8.66
8/2/2006,8.65
8/3/2006,7.61
8/4/2006,7.44
8/7/2006,6.97
8/8/2006,7.06
8/9/2006,7.6
8/10/2006,7.95
8/11/2006,7.56
8/14/2006,6.89
8/15/2006,6.9
8/16/2006,7.01
8/17/2006,6.73
8/18/2006,6.66
8/21/2006,6.72
8/22/2006,6.86
8/23/2006,7.19
8/24/2006,7.22
8/25/2006,7.48
8/28/2006,6.51
8/29/2006,6.24
8/30/2006,6.4
8/31/2006,5.8
9/1/2006,5.24
9/4/2006,.
9/5/2006,5.45
9/6/2006,5.7
9/7/2006,5.64
9/8/2006,5.31
9/11/2006,5.29
9/12/2006,5.57
9/13/2006,5.4
9/14/2006,5.09
9/15/2006,4.4
9/18/2006,5.02
9/19/2006,4.99
9/20/2006,4.87
9/21/2006,4.65
9/22/2006,4.47
9/25/2006,4.31
9/26/2006,4.36
9/27/2006,4.35
9/28/2006,4.15
9/29/2006,3.66
10/2/2006,4.11
10/3/2006,4.01
10/4/2006,4.38
10/5/2006,4.69
10/6/2006,4.41
10/9/2006,5.06
10/10/2006,5.16
10/11/2006,5.66
10/12/2006,5.17
10/13/2006,4.3
10/16/2006,5.13
10/17/2006,6.26
10/18/2006,6.07
10/19/2006,6.77
10/20/2006,6.88
10/23/2006,7.29
10/24/2006,7.13
10/25/2006,7.2
10/26/2006,7.91
10/27/2006,7.41
10/30/2006,6.99
10/31/2006,6.64
11/1/2006,7.15
11/2/2006,7.32
11/3/2006,7.43
11/6/2006,6.72
11/7/2006,6.59
11/8/2006,7.39
11/9/2006,7.35
11/10/2006,7.16
11/13/2006,7.26
11/14/2006,7.42
11/15/2006,7.45
11/16/2006,7.59
11/17/2006,7.23
11/20/2006,7.79
11/21/2006,7.57
11/22/2006,7.42
11/23/2006,.
11/24/2006,.
11/27/2006,7.58
11/28/2006,7.61
11/29/2006,7.74
11/30/2006,8.32
12/1/2006,8.42
12/4/2006,7.84
12/5/2006,7.32
12/6/2006,7.32
12/7/2006,7.61
12/8/2006,7.45
12/11/2006,6.81
12/12/2006,6.93
12/13/2006,7.21
12/14/2006,7.26
12/15/2006,6.82
12/18/2006,6.62
12/19/2006,6.27
12/20/2006,6.43
12/21/2006,6.09
12/22/2006,5.88
12/25/2006,.
12/26/2006,5.72
12/27/2006,5.54
12/28/2006,5.63
12/29/2006,5.5
1/1/2007,.
1/2/2007,5.4
1/3/2007,5.47
1/4/2007,5.6
1/5/2007,5.52
1/8/2007,6.02
1/9/2007,6.15
1/10/2007,6.42
1/11/2007,6.09
1/12/2007,5.97
1/15/2007,.
1/16/2007,6.82
1/17/2007,6.57
1/18/2007,6.29
1/19/2007,6.4
1/22/2007,7.2
1/23/2007,7.53
1/24/2007,7.58
1/25/2007,7.18
1/26/2007,6.95
1/29/2007,7.35
1/30/2007,7.32
1/31/2007,7.76
2/1/2007,7.93
2/2/2007,8.17
2/5/2007,9.14
2/6/2007,8.29
2/7/2007,7.9
2/8/2007,8.06
2/9/2007,8.16
2/12/2007,7.78
2/13/2007,8.09
2/14/2007,8.9
2/15/2007,8.91
2/16/2007,8.45
2/19/2007,.
2/20/2007,7.34
2/21/2007,7.51
2/22/2007,7.47
2/23/2007,7.53
2/26/2007,7.73
2/27/2007,7.44
2/28/2007,7.23
3/1/2007,7.07
3/2/2007,7.22
3/5/2007,7.36
3/6/2007,7.55
3/7/2007,7.5
3/8/2007,7.14
3/9/2007,7.05
3/12/2007,6.81
3/13/2007,6.78
3/14/2007,6.86
3/15/2007,7.02
3/16/2007,6.84
3/19/2007,6.7
3/20/2007,6.81
3/21/2007,6.82
3/22/2007,7.07
3/23/2007,7.16
3/26/2007,7.15
3/27/2007,7.15
3/28/2007,7.47
3/29/2007,7.34
3/30/2007,7.5
4/2/2007,7.62
4/3/2007,7.57
4/4/2007,7.46
4/5/2007,7.53
4/6/2007,.
4/9/2007,7.65
4/10/2007,7.65
4/11/2007,7.97
4/12/2007,7.95
4/13/2007,7.93
4/16/2007,7.66
4/17/2007,7.5
4/18/2007,7.54
4/19/2007,7.54
4/20/2007,7.32
4/23/2007,7.24
4/24/2007,7.57
4/25/2007,7.6
4/26/2007,7.56
4/27/2007,7.44
4/30/2007,7.71
5/1/2007,7.64
5/2/2007,7.64
5/3/2007,7.58
5/4/2007,7.82
5/7/2007,7.69
5/8/2007,7.5
5/9/2007,7.46
5/10/2007,7.63
5/11/2007,7.53
5/14/2007,7.85
5/15/2007,7.68
5/16/2007,7.62
5/17/2007,7.69
5/18/2007,7.87
5/21/2007,7.66
5/22/2007,7.6
5/23/2007,7.51
5/24/2007,7.56
5/25/2007,7.47
5/28/2007,.
5/29/2007,7.51
5/30/2007,7.71
5/31/2007,7.8
6/1/2007,7.57
6/4/2007,7.73
6/5/2007,7.83
6/6/2007,7.83
6/7/2007,7.89
6/8/2007,7.52
6/11/2007,7.42
6/12/2007,7.45
6/13/2007,7.6
6/14/2007,7.48
6/15/2007,7.58
6/18/2007,7.69
6/19/2007,7.46
6/20/2007,7.39
6/21/2007,7.24
6/22/2007,7.04
6/25/2007,6.77
6/26/2007,6.85
6/27/2007,6.74
6/28/2007,6.79
6/29/2007,6.4
7/2/2007,6.24
7/3/2007,6.37
7/4/2007,.
7/5/2007,6.3
7/6/2007,6.15
7/9/2007,6.39
7/10/2007,6.44
7/11/2007,6.66
7/12/2007,6.26
7/13/2007,6.27
7/16/2007,6.32
7/17/2007,6.34
7/18/2007,6.23
7/19/2007,6.5
7/20/2007,6.46
7/23/2007,6
7/24/2007,5.66
7/25/2007,5.56
7/26/2007,5.83
7/27/2007,5.77
7/30/2007,6.31
7/31/2007,6.53
8/1/2007,6.19
8/2/2007,6.34
8/3/2007,6.11
8/6/2007,6.1
8/7/2007,6.38
8/8/2007,6.24
8/9/2007,6.45
8/10/2007,6.57
8/13/2007,7.15
8/14/2007,6.86
8/15/2007,7.3
8/16/2007,6.96
8/17/2007,7.14
8/20/2007,6.47
8/21/2007,5.92
8/22/2007,5.84
8/23/2007,5.73
8/24/2007,5.69
8/27/2007,5.34
8/28/2007,5.56
8/29/2007,5.64
8/30/2007,5.54
8/31/2007,5.49
9/3/2007,.
9/4/2007,5.3
9/5/2007,5.8
9/6/2007,6.02
9/7/2007,5.53
9/10/2007,5.56
9/11/2007,5.98
9/12/2007,6.13
9/13/2007,6.27
9/14/2007,6.23
9/17/2007,6.38
9/18/2007,6.42
9/19/2007,6.25
9/20/2007,6.02
9/21/2007,5.96
9/24/2007,6.12
9/25/2007,6.54
9/26/2007,6.47
9/27/2007,6.38
9/28/2007,6.15
10/1/2007,6.07
10/2/2007,6.55
10/3/2007,6.96
10/4/2007,6.91
10/5/2007,6.77
10/8/2007,6.69
10/9/2007,6.63
10/10/2007,6.79
10/11/2007,6.85
10/12/2007,6.46
10/15/2007,7.09
10/16/2007,7.29
10/17/2007,7.12
10/18/2007,7.11
10/19/2007,6.91
10/22/2007,6.63
10/23/2007,6.3
10/24/2007,6.11
10/25/2007,6.49
10/26/2007,6.43
10/29/2007,6.66
10/30/2007,6.99
10/31/2007,7.28
11/1/2007,7.09
11/2/2007,6.63
11/5/2007,6.71
11/6/2007,7.2
11/7/2007,7.42
11/8/2007,6.81
11/9/2007,6.59
11/12/2007,6.83
11/13/2007,7.22
11/14/2007,7.28
11/15/2007,7.35
11/16/2007,7.29
11/19/2007,7.38
11/20/2007,6.81
11/21/2007,6.67
11/22/2007,.
11/23/2007,6.67
11/26/2007,7.53
11/27/2007,7.42
11/28/2007,7.51
11/29/2007,7.45
11/30/2007,7.29
12/3/2007,6.97
12/4/2007,7.27
12/5/2007,7.04
12/6/2007,7.29
12/7/2007,7.04
12/10/2007,6.98
12/11/2007,7.12
12/12/2007,7.22
12/13/2007,7.46
12/14/2007,7.09
12/17/2007,7.06
12/18/2007,7.16
12/19/2007,7.18
12/20/2007,7.19
12/21/2007,7.03
12/24/2007,7.03
12/25/2007,.
12/26/2007,6.94
12/27/2007,6.8
12/28/2007,7.11
12/31/2007,7.11
1/1/2008,.
1/2/2008,7.83
1/3/2008,7.84
1/4/2008,7.51
1/7/2008,7.61
1/8/2008,7.59
1/9/2008,7.89
1/10/2008,7.96
1/11/2008,8.13
1/14/2008,8.45
1/15/2008,8.43
1/16/2008,8.23
1/17/2008,8.1
1/18/2008,8.42
1/21/2008,.
1/22/2008,7.97
1/23/2008,7.84
1/24/2008,7.85
1/25/2008,7.8
1/28/2008,7.87
1/29/2008,8.1
1/30/2008,8.17
1/31/2008,8.1
2/1/2008,7.88
2/4/2008,7.56
2/5/2008,7.8
2/6/2008,7.94
2/7/2008,7.99
2/8/2008,8.06
2/11/2008,8.38
2/12/2008,8.37
2/13/2008,8.35
2/14/2008,8.5
2/15/2008,8.73
2/18/2008,.
2/19/2008,8.91
2/20/2008,9.08
2/21/2008,8.9
2/22/2008,8.65
2/25/2008,9.15
2/26/2008,9.21
2/27/2008,9.21
2/28/2008,9.11
2/29/2008,9.1
3/3/2008,9.07
3/4/2008,9.21
3/5/2008,9.37
3/6/2008,9.7
3/7/2008,9.82
3/10/2008,9.59
3/11/2008,9.85
3/12/2008,9.69
3/13/2008,9.74
3/14/2008,9.84
3/17/2008,9.59
3/18/2008,9.1
3/19/2008,9.11
3/20/2008,8.54
3/21/2008,.
3/24/2008,8.99
3/25/2008,9.28
3/26/2008,9.25
3/27/2008,9.3
3/28/2008,9.36
3/31/2008,9.86
4/1/2008,9.92
4/2/2008,9.6
4/3/2008,9.68
4/4/2008,9.36
4/7/2008,9.48
4/8/2008,9.78
4/9/2008,9.88
4/10/2008,10.18
4/11/2008,10.07
4/14/2008,10.03
4/15/2008,10.16
4/16/2008,10.11
4/17/2008,10.27
4/18/2008,10.08
4/21/2008,10.5
4/22/2008,10.56
4/23/2008,10.33
4/24/2008,10.58
4/25/2008,10.72
4/28/2008,10.95
4/29/2008,10.94
4/30/2008,10.81
5/1/2008,10.66
5/2/2008,10.37
5/5/2008,10.77
5/6/2008,11.09
5/7/2008,11.08
5/8/2008,11.33
5/9/2008,11.29
5/12/2008,11.38
5/13/2008,11.18
5/14/2008,11.52
5/15/2008,11.41
5/16/2008,11.31
5/19/2008,11.1
5/20/2008,10.94
5/21/2008,11.4
5/22/2008,11.57
5/23/2008,11.56
5/26/2008,.
5/27/2008,11.85
5/28/2008,11.6
5/29/2008,11.81
5/30/2008,11.43
6/2/2008,11.8
6/3/2008,12.27
6/4/2008,12.17
6/5/2008,12.49
6/6/2008,12.71
6/9/2008,12.71
6/10/2008,12.72
6/11/2008,12.49
6/12/2008,12.51
6/13/2008,12.51
6/16/2008,12.73
6/17/2008,12.87
6/18/2008,12.93
6/19/2008,13.09
6/20/2008,12.76
6/23/2008,12.92
6/24/2008,12.96
6/25/2008,12.76
6/26/2008,12.7
6/27/2008,13.1
6/30/2008,13.19
7/1/2008,13.28
7/2/2008,13.31
7/3/2008,13
7/4/2008,.
7/7/2008,12.96
7/8/2008,12.47
7/9/2008,12.1
7/10/2008,11.83
7/11/2008,12.15
7/14/2008,11.58
7/15/2008,11.79
7/16/2008,11.15
7/17/2008,11.43
7/18/2008,10.54
7/21/2008,10.58
7/22/2008,10.16
7/23/2008,9.88
7/24/2008,9.7
7/25/2008,9.34
7/28/2008,9.26
7/29/2008,9.17
7/30/2008,9.01
7/31/2008,9.26
8/1/2008,9.05
8/4/2008,9.2
8/5/2008,8.66
8/6/2008,8.7
8/7/2008,8.77
8/8/2008,8.22
8/11/2008,8.18
8/12/2008,8.23
8/13/2008,8.11
8/14/2008,8.15
8/15/2008,7.82
8/18/2008,7.74
8/19/2008,7.73
8/20/2008,8.02
8/21/2008,8.04
8/22/2008,7.98
8/25/2008,7.63
8/26/2008,8.02
8/27/2008,8.54
8/28/2008,8.36
8/29/2008,8.24
9/1/2008,.
9/2/2008,8.24
9/3/2008,7.26
9/4/2008,7.24
9/5/2008,7.4
9/8/2008,7.68
9/9/2008,7.28
9/10/2008,7.65
9/11/2008,7.83
9/12/2008,8.02
9/15/2008,8.02
9/16/2008,7.76
9/17/2008,7.72
9/18/2008,8.26
9/19/2008,7.79
9/22/2008,7.66
9/23/2008,7.84
9/24/2008,8.15
9/25/2008,7.63
9/26/2008,7.42
9/29/2008,7.13
9/30/2008,7.17
10/1/2008,7.41
10/2/2008,7.64
10/3/2008,7.16
10/6/2008,6.87
10/7/2008,6.74
10/8/2008,6.58
10/9/2008,6.69
10/10/2008,6.52
10/13/2008,6.62
10/14/2008,6.74
10/15/2008,6.64
10/16/2008,6.65
10/17/2008,6.76
10/20/2008,6.98
10/21/2008,6.76
10/22/2008,6.94
10/23/2008,6.77
10/24/2008,6.29
10/27/2008,6.27
10/28/2008,6.4
10/29/2008,6.58
10/30/2008,6.75
10/31/2008,6.18
11/3/2008,6.45
11/4/2008,6.79
11/5/2008,6.94
11/6/2008,7.04
11/7/2008,6.6
11/10/2008,7.07
11/11/2008,7.02
11/12/2008,6.65
11/13/2008,6.31
11/14/2008,6.33
11/17/2008,6.55
11/18/2008,6.74
11/19/2008,6.76
11/20/2008,6.76
11/21/2008,6.56
11/24/2008,6.85
11/25/2008,6.71
11/26/2008,6.43
11/27/2008,.
11/28/2008,6.43
12/1/2008,6.48
12/2/2008,6.68
12/3/2008,6.48
12/4/2008,6.55
12/5/2008,5.99
12/8/2008,5.73
12/9/2008,5.57
12/10/2008,5.67
12/11/2008,5.86
12/12/2008,5.56
12/15/2008,5.75
12/16/2008,5.75
12/17/2008,5.79
12/18/2008,5.63
12/19/2008,5.66
12/22/2008,5.39
12/23/2008,5.37
12/24/2008,5.44
12/25/2008,.
12/26/2008,5.44
12/29/2008,5.81
12/30/2008,5.71
12/31/2008,5.63
1/1/2009,.
1/2/2009,5.41
1/5/2009,5.83
1/6/2009,6.1
1/7/2009,5.89
1/8/2009,5.96
1/9/2009,5.6
1/12/2009,5.59
1/13/2009,5.7
1/14/2009,5.47
1/15/2009,5.27
1/16/2009,5.09
1/19/2009,.
1/20/2009,4.86
1/21/2009,4.87
1/22/2009,4.72
1/23/2009,4.75
1/26/2009,4.62
1/27/2009,4.76
1/28/2009,4.84
1/29/2009,4.71
1/30/2009,4.77
2/2/2009,4.48
2/3/2009,5.04
2/4/2009,5.01
2/5/2009,4.84
2/6/2009,4.67
2/9/2009,4.76
2/10/2009,4.84
2/11/2009,4.68
2/12/2009,4.73
2/13/2009,4.6
2/16/2009,.
2/17/2009,4.35
2/18/2009,4.35
2/19/2009,4.46
2/20/2009,4.21
2/23/2009,4.23
2/24/2009,4.21
2/25/2009,4.2
2/26/2009,4.08
2/27/2009,4.04
3/2/2009,4.36
3/3/2009,4.43
3/4/2009,4.23
3/5/2009,4.22
3/6/2009,3.93
3/9/2009,3.86
3/10/2009,3.88
3/11/2009,3.92
3/12/2009,3.87
3/13/2009,3.9
3/16/2009,3.78
3/17/2009,3.78
3/18/2009,3.75
3/19/2009,3.68
3/20/2009,3.99
3/23/2009,4.17
3/24/2009,4.13
3/25/2009,4.13
3/26/2009,4.16
3/27/2009,3.73
3/30/2009,3.63
3/31/2009,3.58
4/1/2009,3.56
4/2/2009,3.69
4/3/2009,3.66
4/6/2009,3.74
4/7/2009,3.6
4/8/2009,3.5
4/9/2009,3.59
4/10/2009,.
4/13/2009,3.46
4/14/2009,3.59
4/15/2009,3.6
4/16/2009,3.54
4/17/2009,3.47
4/20/2009,3.55
4/21/2009,3.43
4/22/2009,3.48
4/23/2009,3.46
4/24/2009,3.31
4/27/2009,3.19
4/28/2009,3.29
4/29/2009,3.43
4/30/2009,3.25
5/1/2009,3.3
5/4/2009,3.47
5/5/2009,3.62
5/6/2009,3.67
5/7/2009,3.96
5/8/2009,4.16
5/11/2009,4.24
5/12/2009,4.41
5/13/2009,4.42
5/14/2009,4.1
5/15/2009,4.05
5/18/2009,4.02
5/19/2009,3.99
5/20/2009,3.75
5/21/2009,3.77
5/22/2009,3.41
5/25/2009,.
5/26/2009,3.35
5/27/2009,3.49
5/28/2009,3.55
5/29/2009,3.92
6/1/2009,3.86
6/2/2009,4.05
6/3/2009,3.81
6/4/2009,3.58
6/5/2009,3.51
6/8/2009,3.53
6/9/2009,3.53
6/10/2009,3.56
6/11/2009,3.51
6/12/2009,3.54
6/15/2009,3.8
6/16/2009,4.16
6/17/2009,3.99
6/18/2009,4.19
6/19/2009,4.04
6/22/2009,4.01
6/23/2009,3.91
6/24/2009,3.8
6/25/2009,3.82
6/26/2009,3.81
6/29/2009,3.88
6/30/2009,3.72
7/1/2009,3.63
7/2/2009,3.49
7/3/2009,.
7/6/2009,3.24
7/7/2009,3.3
7/8/2009,3.22
7/9/2009,3.36
7/10/2009,3.24
7/13/2009,3.17
7/14/2009,3.29
7/15/2009,3.37
7/16/2009,3.21
7/17/2009,3.39
7/20/2009,3.49
7/21/2009,3.48
7/22/2009,3.49
7/23/2009,3.66
7/24/2009,3.37
7/27/2009,3.46
7/28/2009,3.49
7/29/2009,3.41
7/30/2009,3.34
7/31/2009,3.34
8/3/2009,3.43
8/4/2009,3.53
8/5/2009,3.61
8/6/2009,3.78
8/7/2009,3.57
8/10/2009,3.55
8/11/2009,3.54
8/12/2009,3.36
8/13/2009,3.34
8/14/2009,3.18
8/17/2009,3.11
8/18/2009,3.12
8/19/2009,3.03
8/20/2009,3.03
8/21/2009,2.78
8/24/2009,2.69
8/25/2009,2.85
8/26/2009,2.76
8/27/2009,2.76
8/28/2009,2.52
8/31/2009,2.42
9/1/2009,2.36
9/2/2009,2.25
9/3/2009,2.06
9/4/2009,1.83
9/7/2009,.
9/8/2009,2.43
9/9/2009,2.72
9/10/2009,2.68
9/11/2009,2.94
9/14/2009,2.84
9/15/2009,3.21
9/16/2009,3.28
9/17/2009,3.5
9/18/2009,3.21
9/21/2009,3.35
9/22/2009,3.37
9/23/2009,3.43
9/24/2009,3.56
9/25/2009,3.61
9/28/2009,3.54
9/29/2009,3.3
9/30/2009,3.25
10/1/2009,2.91
10/2/2009,2.32
10/5/2009,2.89
10/6/2009,3.23
10/7/2009,3.7
10/8/2009,4.24
10/9/2009,3.92
10/12/2009,3.96
10/13/2009,4.03
10/14/2009,3.82
10/15/2009,3.88
10/16/2009,3.94
10/19/2009,4.22
10/20/2009,4.6
10/21/2009,4.8
10/22/2009,4.98
10/23/2009,4.88
10/26/2009,4.52
10/27/2009,4.52
10/28/2009,4.59
10/29/2009,4.11
10/30/2009,4.11
11/2/2009,4.32
11/3/2009,4.33
11/4/2009,4.49
11/5/2009,4.3
11/6/2009,3.95
11/9/2009,3.78
11/10/2009,3.76
11/11/2009,3.59
11/12/2009,3.24
11/13/2009,2.51
11/16/2009,2.65
11/17/2009,3.47
11/18/2009,3.74
11/19/2009,3.57
11/20/2009,3.09
11/23/2009,3.79
11/24/2009,3.63
11/25/2009,3.32
11/26/2009,.
11/27/2009,3.32
11/30/2009,4.41
12/1/2009,4.3
12/2/2009,4.67
12/3/2009,4.57
12/4/2009,4.53
12/7/2009,4.78
12/8/2009,5.1
12/9/2009,5.27
12/10/2009,5.02
12/11/2009,5.21
12/14/2009,5.41
12/15/2009,5.53
12/16/2009,5.57
12/17/2009,5.65
12/18/2009,5.87
12/21/2009,5.79
12/22/2009,5.56
12/23/2009,5.55
12/24/2009,5.75
12/25/2009,.
12/28/2009,5.91
12/29/2009,6.01
12/30/2009,5.78
12/31/2009,5.82
1/1/2010,.
1/4/2010,6.09
1/5/2010,6.19
1/6/2010,6.47
1/7/2010,7.51
1/8/2010,6.56
1/11/2010,5.77
1/12/2010,5.57
1/13/2010,5.61
1/14/2010,5.77
1/15/2010,5.66
1/18/2010,.
1/19/2010,5.51
1/20/2010,5.54
1/21/2010,5.52
1/22/2010,5.67
1/25/2010,5.76
1/26/2010,5.61
1/27/2010,5.42
1/28/2010,5.32
1/29/2010,5.26
2/1/2010,5.3
2/2/2010,5.47
2/3/2010,5.51
2/4/2010,5.47
2/5/2010,5.61
2/8/2010,5.73
2/9/2010,5.54
2/10/2010,5.48
2/11/2010,5.53
2/12/2010,5.48
2/15/2010,.
2/16/2010,5.65
2/17/2010,5.47
2/18/2010,5.4
2/19/2010,5.1
2/22/2010,4.92
2/23/2010,4.91
2/24/2010,4.91
2/25/2010,4.84
2/26/2010,4.76
3/1/2010,4.83
3/2/2010,4.78
3/3/2010,4.76
3/4/2010,4.78
3/5/2010,4.56
3/8/2010,4.47
3/9/2010,4.51
3/10/2010,4.44
3/11/2010,4.47
3/12/2010,4.35
3/15/2010,4.29
3/16/2010,4.38
3/17/2010,4.27
3/18/2010,4.19
3/19/2010,4.01
3/22/2010,4.02
3/23/2010,4.08
3/24/2010,4.02
3/25/2010,4.01
3/26/2010,3.92
3/29/2010,3.83
3/30/2010,3.79
3/31/2010,3.93
4/1/2010,3.72
4/2/2010,.
4/5/2010,3.93
4/6/2010,4.16
4/7/2010,4.08
4/8/2010,3.92
4/9/2010,3.9
4/12/2010,4.04
4/13/2010,3.97
4/14/2010,4.15
4/15/2010,4.16
4/16/2010,3.97
4/19/2010,4.02
4/20/2010,3.93
4/21/2010,3.96
4/22/2010,3.95
4/23/2010,4.07
4/26/2010,4.23
4/27/2010,4.18
4/28/2010,4.19
4/29/2010,4.24
4/30/2010,3.94
5/3/2010,3.86
5/4/2010,3.96
5/5/2010,4
5/6/2010,3.97
5/7/2010,3.91
5/10/2010,4.08
5/11/2010,4.15
5/12/2010,4.18
5/13/2010,4.26
5/14/2010,4.27
5/17/2010,4.34
5/18/2010,4.42
5/19/2010,4.28
5/20/2010,4.12
5/21/2010,4.12
5/24/2010,4.08
5/25/2010,4.08
5/26/2010,4.19
5/27/2010,4.22
5/28/2010,4.31
5/31/2010,.
6/1/2010,4.39
6/2/2010,4.32
6/3/2010,4.46
6/4/2010,4.6
6/7/2010,4.67
6/8/2010,4.89
6/9/2010,4.75
6/10/2010,4.68
6/11/2010,4.68
6/14/2010,4.94
6/15/2010,5.11
6/16/2010,5.13
6/17/2010,5.14
6/18/2010,5.17
6/21/2010,5.15
6/22/2010,4.87
6/23/2010,4.9
6/24/2010,4.88
6/25/2010,4.84
6/28/2010,4.85
6/29/2010,4.68
6/30/2010,4.53
7/1/2010,4.54
7/2/2010,4.72
7/5/2010,.
7/6/2010,4.85
7/7/2010,4.76
7/8/2010,4.61
7/9/2010,4.36
7/12/2010,4.42
7/13/2010,4.46
7/14/2010,4.39
7/15/2010,4.43
7/16/2010,4.68
7/19/2010,4.56
7/20/2010,4.59
7/21/2010,4.7
7/22/2010,4.67
7/23/2010,4.69
7/26/2010,4.65
7/27/2010,4.72
7/28/2010,4.75
7/29/2010,4.8
7/30/2010,4.81
8/2/2010,4.94
8/3/2010,4.78
8/4/2010,4.77
8/5/2010,4.84
8/6/2010,4.67
8/9/2010,4.52
8/10/2010,4.43
8/11/2010,4.38
8/12/2010,4.42
8/13/2010,4.35
8/16/2010,4.37
8/17/2010,4.28
8/18/2010,4.35
8/19/2010,4.29
8/20/2010,4.19
8/23/2010,4.12
8/24/2010,4.07
8/25/2010,3.99
8/26/2010,3.85
8/27/2010,3.75
8/30/2010,3.77
8/31/2010,3.8
9/1/2010,3.73
9/2/2010,3.74
9/3/2010,3.74
9/6/2010,.
9/7/2010,3.82
9/8/2010,3.81
9/9/2010,3.79
9/10/2010,3.79
9/13/2010,3.83
9/14/2010,3.98
9/15/2010,4.06
9/16/2010,4.09
9/17/2010,4.11
9/20/2010,4.01
9/21/2010,3.95
9/22/2010,4.02
9/23/2010,4.08
9/24/2010,3.97
9/27/2010,3.8
9/28/2010,3.8
9/29/2010,3.81
9/30/2010,3.85
10/1/2010,3.67
10/4/2010,3.56
10/5/2010,3.51
10/6/2010,3.56
10/7/2010,3.62
10/8/2010,3.36
10/11/2010,3.43
10/12/2010,3.4
10/13/2010,3.58
10/14/2010,3.58
10/15/2010,3.47
10/18/2010,3.36
10/19/2010,3.36
10/20/2010,3.46
10/21/2010,3.46
10/22/2010,3.19
10/25/2010,3.18
10/26/2010,3.28
10/27/2010,3.37
10/28/2010,3.36
10/29/2010,3.36
11/1/2010,3.42
11/2/2010,3.2
11/3/2010,3.35
11/4/2010,3.53
11/5/2010,3.47
11/8/2010,3.49
11/9/2010,3.76
11/10/2010,4
11/11/2010,3.73
11/12/2010,3.5
11/15/2010,3.56
11/16/2010,3.66
11/17/2010,3.77
11/18/2010,3.89
11/19/2010,3.79
11/22/2010,4.02
11/23/2010,3.93
11/24/2010,3.82
11/25/2010,.
11/26/2010,3.82
11/29/2010,4.12
11/30/2010,4.16
12/1/2010,4.21
12/2/2010,4.28
12/3/2010,4.23
12/6/2010,4.47
12/7/2010,4.48
12/8/2010,4.47
12/9/2010,4.52
12/10/2010,4.37
12/13/2010,4.55
12/14/2010,4.35
12/15/2010,4.22
12/16/2010,4.19
12/17/2010,3.99
12/20/2010,4.1
12/21/2010,4.17
12/22/2010,4.01
12/23/2010,4.08
12/24/2010,.
12/27/2010,4.05
12/28/2010,4.1
12/29/2010,4.19
12/30/2010,4.22
12/31/2010,4.22
1/3/2011,4.54
1/4/2011,4.61
1/5/2011,4.52
1/6/2011,4.49
1/7/2011,4.42
1/10/2011,4.49
1/11/2011,4.42
1/12/2011,4.55
1/13/2011,4.48
1/14/2011,4.38
1/17/2011,.
1/18/2011,4.52
1/19/2011,4.48
1/20/2011,4.57
1/21/2011,4.72
1/24/2011,4.72
1/25/2011,4.46
1/26/2011,4.4
1/27/2011,4.41
1/28/2011,4.27
1/31/2011,4.42
2/1/2011,4.42
2/2/2011,4.55
2/3/2011,4.69
2/4/2011,4.48
2/7/2011,4.32
2/8/2011,4.24
2/9/2011,4.22
2/10/2011,4.11
2/11/2011,3.96
2/14/2011,3.89
2/15/2011,3.92
2/16/2011,3.93
2/17/2011,3.9
2/18/2011,3.84
2/21/2011,.
2/22/2011,3.89
2/23/2011,3.83
2/24/2011,3.83
2/25/2011,3.81
2/28/2011,3.93
3/1/2011,3.93
3/2/2011,3.79
3/3/2011,3.75
3/4/2011,3.7
3/7/2011,3.73
3/8/2011,3.83
3/9/2011,3.81
3/10/2011,3.87
3/11/2011,3.78
3/14/2011,3.9
3/15/2011,3.81
3/16/2011,3.86
3/17/2011,3.85
3/18/2011,3.98
3/21/2011,3.99
3/22/2011,4.05
3/23/2011,4.18
3/24/2011,4.27
3/25/2011,4.13
3/28/2011,4.35
3/29/2011,4.27
3/30/2011,4.25
3/31/2011,4.32
4/1/2011,4.32
4/4/2011,4.21
4/5/2011,4.22
4/6/2011,4.17
4/7/2011,4.12
4/8/2011,4.05
4/11/2011,4.05
4/12/2011,4.08
4/13/2011,4.14
4/14/2011,4.12
4/15/2011,4.21
4/18/2011,4.23
4/19/2011,4.19
4/20/2011,4.33
4/21/2011,4.33
4/22/2011,.
4/25/2011,4.37
4/26/2011,4.32
4/27/2011,4.35
4/28/2011,4.38
4/29/2011,4.51
5/2/2011,4.6
5/3/2011,4.6
5/4/2011,4.59
5/5/2011,4.49
5/6/2011,4.24
5/9/2011,4.28
5/10/2011,4.19
5/11/2011,4.23
5/12/2011,4.1
5/13/2011,4.09
5/16/2011,4.21
5/17/2011,4.25
5/18/2011,4.15
5/19/2011,4.1
5/20/2011,4.05
5/23/2011,4.27
5/24/2011,4.37
5/25/2011,4.36
5/26/2011,4.37
5/27/2011,4.36
5/30/2011,.
5/31/2011,4.63
6/1/2011,4.62
6/2/2011,4.64
6/3/2011,4.72
6/6/2011,4.83
6/7/2011,4.83
6/8/2011,4.83
6/9/2011,4.92
6/10/2011,4.72
6/13/2011,4.75
6/14/2011,4.59
6/15/2011,4.53
6/16/2011,4.54
6/17/2011,4.39
6/20/2011,4.33
6/21/2011,4.37
6/22/2011,4.42
6/23/2011,4.31
6/24/2011,4.2
6/27/2011,4.25
6/28/2011,4.34
6/29/2011,4.4
6/30/2011,4.28
7/1/2011,4.33
7/4/2011,.
7/5/2011,4.4
7/6/2011,4.34
7/7/2011,4.25
7/8/2011,4.19
7/11/2011,4.35
7/12/2011,4.38
7/13/2011,4.43
7/14/2011,4.42
7/15/2011,4.49
7/18/2011,4.6
7/19/2011,4.6
7/20/2011,4.64
7/21/2011,4.58
7/22/2011,4.46
7/25/2011,4.45
7/26/2011,4.43
7/27/2011,4.46
7/28/2011,4.41
7/29/2011,4.26
8/1/2011,4.29
8/2/2011,4.3
8/3/2011,4.26
8/4/2011,4.2
8/5/2011,4
8/8/2011,4
8/9/2011,4.06
8/10/2011,4.09
8/11/2011,4.06
8/12/2011,4.17
8/15/2011,4.05
8/16/2011,4.03
8/17/2011,3.98
8/18/2011,3.98
8/19/2011,3.99
8/22/2011,3.97
8/23/2011,4.01
8/24/2011,4.1
8/25/2011,4.01
8/26/2011,3.96
8/29/2011,3.93
8/30/2011,3.85
8/31/2011,3.97
9/1/2011,4.18
9/2/2011,4.12
9/5/2011,.
9/6/2011,3.93
9/7/2011,3.96
9/8/2011,3.99
9/9/2011,3.96
9/12/2011,3.92
9/13/2011,3.96
9/14/2011,4.01
9/15/2011,4.04
9/16/2011,3.84
9/19/2011,3.78
9/20/2011,3.84
9/21/2011,3.78
9/22/2011,3.72
9/23/2011,3.74
9/26/2011,3.8
9/27/2011,3.92
9/28/2011,3.88
9/29/2011,3.77
9/30/2011,3.68
10/3/2011,3.57
10/4/2011,3.56
10/5/2011,3.63
10/6/2011,3.49
10/7/2011,3.4
10/10/2011,3.41
10/11/2011,3.52
10/12/2011,3.54
10/13/2011,3.42
10/14/2011,3.49
10/17/2011,3.72
10/18/2011,3.63
10/19/2011,3.59
10/20/2011,3.61
10/21/2011,3.54
10/24/2011,3.61
10/25/2011,3.62
10/26/2011,3.65
10/27/2011,3.59
10/28/2011,3.63
10/31/2011,3.66
11/1/2011,3.49
11/2/2011,3.39
11/3/2011,3.39
11/4/2011,3.44
11/7/2011,3.35
11/8/2011,3.42
11/9/2011,3.55
11/10/2011,3.48
11/11/2011,3.29
11/14/2011,3.17
11/15/2011,3.12
11/16/2011,3.11
11/17/2011,3.11
11/18/2011,3.01
11/21/2011,2.94
11/22/2011,3.06
11/23/2011,2.84
11/24/2011,.
11/25/2011,2.84
11/28/2011,3.09
11/29/2011,3.39
11/30/2011,3.53
12/1/2011,3.49
12/2/2011,3.35
12/5/2011,3.38
12/6/2011,3.43
12/7/2011,3.45
12/8/2011,3.42
12/9/2011,3.29
12/12/2011,3.13
12/13/2011,3.12
12/14/2011,3.08
12/15/2011,3.05
12/16/2011,3.01
12/19/2011,3.03
12/20/2011,3.06
12/21/2011,3.05
12/22/2011,3.08
12/23/2011,2.97
12/26/2011,.
12/27/2011,3.09
12/28/2011,3.07
12/29/2011,3.03
12/30/2011,2.98
1/2/2012,.
1/3/2012,2.97
1/4/2012,2.96
1/5/2012,2.91
1/6/2012,2.85
1/9/2012,2.89
1/10/2012,2.97
1/11/2012,2.81
1/12/2012,2.7
1/13/2012,2.67
1/16/2012,.
1/17/2012,2.51
1/18/2012,2.49
1/19/2012,2.36
1/20/2012,2.23
1/23/2012,2.39
1/24/2012,2.6
1/25/2012,2.61
1/26/2012,2.68
1/27/2012,2.59
1/30/2012,2.71
1/31/2012,2.51
2/1/2012,2.32
2/2/2012,2.3
2/3/2012,2.4
2/6/2012,2.46
2/7/2012,2.6
2/8/2012,2.48
2/9/2012,2.5
2/10/2012,2.51
2/13/2012,2.42
2/14/2012,2.48
2/15/2012,2.54
2/16/2012,2.47
2/17/2012,2.67
2/20/2012,.
2/21/2012,2.63
2/22/2012,2.6
2/23/2012,2.68
2/24/2012,2.6
2/27/2012,2.55
2/28/2012,2.44
2/29/2012,2.44
3/1/2012,2.45
3/2/2012,2.38
3/5/2012,2.31
3/6/2012,2.3
3/7/2012,2.24
3/8/2012,2.24
3/9/2012,2.21
3/12/2012,2.17
3/13/2012,2.15
3/14/2012,2.13
3/15/2012,2.07
3/16/2012,2.01
3/19/2012,2.14
3/20/2012,2.19
3/21/2012,2.21
3/22/2012,2.19
3/23/2012,2.07
3/26/2012,2.16
3/27/2012,2.09
3/28/2012,2.05
3/29/2012,2.02
3/30/2012,2
4/2/2012,1.88
4/3/2012,1.94
4/4/2012,2.06
4/5/2012,1.98
4/6/2012,.
4/9/2012,1.99
4/10/2012,1.99
4/11/2012,1.91
4/12/2012,1.87
4/13/2012,1.87
4/16/2012,1.88
4/17/2012,1.89
4/18/2012,1.87
4/19/2012,1.85
4/20/2012,1.82
4/23/2012,1.89
4/24/2012,1.97
4/25/2012,1.99
4/26/2012,2.1
4/27/2012,2.05
4/30/2012,2.1
5/1/2012,2.29
5/2/2012,2.31
5/3/2012,2.29
5/4/2012,2.3
5/7/2012,2.3
5/8/2012,2.27
5/9/2012,2.36
5/10/2012,2.36
5/11/2012,2.37
5/14/2012,2.41
5/15/2012,2.38
5/16/2012,2.5
5/17/2012,2.6
5/18/2012,2.56
5/21/2012,2.6
5/22/2012,2.55
5/23/2012,2.6
5/24/2012,2.66
5/25/2012,2.56
5/28/2012,.
5/29/2012,2.5
5/30/2012,2.39
5/31/2012,2.34
6/1/2012,2.24
6/4/2012,2.32
6/5/2012,2.39
6/6/2012,2.41
6/7/2012,2.33
6/8/2012,2.22
6/11/2012,2.22
6/12/2012,2.17
6/13/2012,2.18
6/14/2012,2.2
6/15/2012,2.44
6/18/2012,2.45
6/19/2012,2.59
6/20/2012,2.6
6/21/2012,2.48
6/22/2012,2.5
6/25/2012,2.7
6/26/2012,2.7
6/27/2012,2.87
6/28/2012,2.81
6/29/2012,2.74
7/2/2012,2.73
7/3/2012,2.78
7/4/2012,.
7/5/2012,2.9
7/6/2012,2.94
7/9/2012,2.79
7/10/2012,2.87
7/11/2012,2.72
7/12/2012,2.83
7/13/2012,2.88
7/16/2012,2.92
7/17/2012,2.83
7/18/2012,2.84
7/19/2012,2.99
7/20/2012,3.03
7/23/2012,3.05
7/24/2012,3.16
7/25/2012,3.19
7/26/2012,3.13
7/27/2012,3.1
7/30/2012,3.14
7/31/2012,3.2
8/1/2012,3.2
8/2/2012,3.16
8/3/2012,2.91
8/6/2012,2.9
8/7/2012,2.99
8/8/2012,2.97
8/9/2012,2.89
8/10/2012,2.84
8/13/2012,2.77
8/14/2012,2.79
8/15/2012,2.82
8/16/2012,2.78
8/17/2012,2.7
8/20/2012,2.75
8/21/2012,2.8
8/22/2012,2.8
8/23/2012,2.81
8/24/2012,2.81
8/27/2012,2.8
8/28/2012,2.71
8/29/2012,2.64
8/30/2012,2.72
8/31/2012,2.72
9/3/2012,.
9/4/2012,2.81
9/5/2012,2.87
9/6/2012,2.85
9/7/2012,2.73
9/10/2012,2.66
9/11/2012,2.82
9/12/2012,2.96
9/13/2012,3.01
9/14/2012,2.94
9/17/2012,2.83
9/18/2012,2.74
9/19/2012,2.7
9/20/2012,2.76
9/21/2012,2.76
9/24/2012,2.82
9/25/2012,2.84
9/26/2012,2.92
9/27/2012,3.01
9/28/2012,3.08
10/1/2012,3.19
10/2/2012,3.21
10/3/2012,3.21
10/4/2012,3.23
10/5/2012,3.26
10/8/2012,3.18
10/9/2012,3.18
10/10/2012,3.26
10/11/2012,3.28
10/12/2012,3.38
10/15/2012,3.35
10/16/2012,3.27
10/17/2012,3.24
10/18/2012,3.28
10/19/2012,3.43
10/22/2012,3.49
10/23/2012,3.34
10/24/2012,3.43
10/25/2012,3.39
10/26/2012,3.38
10/29/2012,3.4
10/30/2012,3.42
10/31/2012,3.5
11/1/2012,3.5
11/2/2012,3.4
11/5/2012,3.34
11/6/2012,3.41
11/7/2012,3.47
11/8/2012,3.45
11/9/2012,3.33
11/12/2012,3.4
11/13/2012,3.57
11/14/2012,3.66
11/15/2012,3.63
11/16/2012,3.46
11/19/2012,3.63
11/20/2012,3.62
11/21/2012,3.59
11/22/2012,.
11/23/2012,3.59
11/26/2012,3.75
11/27/2012,3.77
11/28/2012,3.71
11/29/2012,3.61
11/30/2012,3.46
12/3/2012,3.44
12/4/2012,3.38
12/5/2012,3.41
12/6/2012,3.48
12/7/2012,3.33
12/10/2012,3.35
12/11/2012,3.39
12/12/2012,3.33
12/13/2012,3.27
12/14/2012,3.15
12/17/2012,3.2
12/18/2012,3.29
12/19/2012,3.25
12/20/2012,3.35
12/21/2012,3.42
12/24/2012,3.3
12/25/2012,.
12/26/2012,3.35
12/27/2012,3.31
12/28/2012,3.4
12/31/2012,3.43
1/1/2013,.
1/2/2013,3.3
1/3/2013,3.19
1/4/2013,3.2
1/7/2013,3.3
1/8/2013,3.21
1/9/2013,3.14
1/10/2013,3.08
1/11/2013,3.18
1/14/2013,3.39
1/15/2013,3.4
1/16/2013,3.43
1/17/2013,3.44
1/18/2013,3.54
1/21/2013,.
1/22/2013,3.63
1/23/2013,3.53
1/24/2013,3.56
1/25/2013,3.42
1/28/2013,3.25
1/29/2013,3.14
1/30/2013,3.24
1/31/2013,3.33
2/1/2013,3.34
2/4/2013,3.27
2/5/2013,3.34
2/6/2013,3.41
2/7/2013,3.39
2/8/2013,3.26
2/11/2013,3.2
2/12/2013,3.3
2/13/2013,3.29
2/14/2013,3.3
2/15/2013,3.19
2/18/2013,.
2/19/2013,3.23
2/20/2013,3.34
2/21/2013,3.29
2/22/2013,3.27
2/25/2013,3.42
2/26/2013,3.46
2/27/2013,3.49
2/28/2013,3.48
3/1/2013,3.54
3/4/2013,3.53
3/5/2013,3.63
3/6/2013,3.57
3/7/2013,3.54
3/8/2013,3.57
3/11/2013,3.64
3/12/2013,3.71
3/13/2013,3.72
3/14/2013,3.74
3/15/2013,3.89
3/18/2013,3.98
3/19/2013,3.96
3/20/2013,3.97
3/21/2013,4.01
3/22/2013,4.01
3/25/2013,4.08
3/26/2013,3.99
3/27/2013,4.08
3/28/2013,4.03
3/29/2013,.
4/1/2013,3.97
4/2/2013,4.07
4/3/2013,4
4/4/2013,3.94
4/5/2013,3.98
4/8/2013,4.18
4/9/2013,4.08
4/10/2013,4.07
4/11/2013,4.11
4/12/2013,4.21
4/15/2013,4.23
4/16/2013,4.19
4/17/2013,4.24
4/18/2013,4.23
4/19/2013,4.38
4/22/2013,4.33
4/23/2013,4.27
4/24/2013,4.25
4/25/2013,4.19
4/26/2013,4.16
4/29/2013,4.28
4/30/2013,4.3
5/1/2013,4.31
5/2/2013,4.28
5/3/2013,3.98
5/6/2013,3.93
5/7/2013,3.88
5/8/2013,3.86
5/9/2013,3.87
5/10/2013,3.9
5/13/2013,3.87
5/14/2013,3.93
5/15/2013,4.03
5/16/2013,4.01
5/17/2013,3.89
5/20/2013,4.1
5/21/2013,4.13
5/22/2013,4.16
5/23/2013,4.15
5/24/2013,4.15
5/27/2013,.
5/28/2013,4.19
5/29/2013,4.15
5/30/2013,4.12
5/31/2013,4.02
6/3/2013,4
6/4/2013,4
6/5/2013,3.99
6/6/2013,3.93
6/7/2013,3.79
6/10/2013,3.85
6/11/2013,3.77
6/12/2013,3.74
6/13/2013,3.73
6/14/2013,3.76
6/17/2013,3.78
6/18/2013,3.9
6/19/2013,3.93
6/20/2013,3.9
6/21/2013,3.85
6/24/2013,3.81
6/25/2013,3.77
6/26/2013,3.72
6/27/2013,3.73
6/28/2013,3.57
7/1/2013,3.52
7/2/2013,3.58
7/3/2013,3.54
7/4/2013,.
7/5/2013,3.52
7/8/2013,3.65
7/9/2013,3.69
7/10/2013,3.69
7/11/2013,3.64
7/12/2013,3.61
7/15/2013,3.67
7/16/2013,3.69
7/17/2013,3.67
7/18/2013,3.66
7/19/2013,3.78
7/22/2013,3.71
7/23/2013,3.68
7/24/2013,3.7
7/25/2013,3.68
7/26/2013,3.59
7/29/2013,3.49
7/30/2013,3.48
7/31/2013,3.46
8/1/2013,3.44
8/2/2013,3.39
8/5/2013,3.33
8/6/2013,3.35
8/7/2013,3.32
8/8/2013,3.27
8/9/2013,3.32
8/12/2013,3.34
8/13/2013,3.34
8/14/2013,3.36
8/15/2013,3.34
8/16/2013,3.35
8/19/2013,3.46
8/20/2013,3.48
8/21/2013,3.51
8/22/2013,3.52
8/23/2013,3.5
8/26/2013,3.55
8/27/2013,3.5
8/28/2013,3.54
8/29/2013,3.58
8/30/2013,3.57
9/2/2013,.
9/3/2013,3.64
9/4/2013,3.68
9/5/2013,3.7
9/6/2013,3.55
9/9/2013,3.62
9/10/2013,3.65
9/11/2013,3.6
9/12/2013,3.57
9/13/2013,3.6
9/16/2013,3.64
9/17/2013,3.77
9/18/2013,3.72
9/19/2013,3.73
9/20/2013,3.68
9/23/2013,3.66
9/24/2013,3.59
9/25/2013,3.52
9/26/2013,3.49
9/27/2013,3.51
9/30/2013,3.48
10/1/2013,3.56
10/2/2013,3.63
10/3/2013,3.58
10/4/2013,3.57
10/7/2013,3.62
10/8/2013,3.72
10/9/2013,3.7
10/10/2013,3.74
10/11/2013,3.74
10/14/2013,3.82
10/15/2013,3.83
10/16/2013,3.84
10/17/2013,3.75
10/18/2013,3.72
10/21/2013,3.77
10/22/2013,3.7
10/23/2013,3.66
10/24/2013,3.65
10/25/2013,3.69
10/28/2013,3.61
10/29/2013,3.57
10/30/2013,3.55
10/31/2013,3.57
11/1/2013,3.45
11/4/2013,3.38
11/5/2013,3.37
11/6/2013,3.46
11/7/2013,3.59
11/8/2013,3.54
11/11/2013,3.62
11/12/2013,3.69
11/13/2013,3.69
11/14/2013,3.52
11/15/2013,3.56
11/18/2013,3.71
11/19/2013,3.63
11/20/2013,3.63
11/21/2013,3.68
11/22/2013,3.78
11/25/2013,3.85
11/26/2013,3.87
11/27/2013,3.87
11/28/2013,.
11/29/2013,3.87
12/2/2013,3.85
12/3/2013,3.84
12/4/2013,3.89
12/5/2013,3.97
12/6/2013,4.15
12/9/2013,4.24
12/10/2013,4.24
12/11/2013,4.24
12/12/2013,4.4
12/13/2013,4.44
12/16/2013,4.21
12/17/2013,4.2
12/18/2013,4.25
12/19/2013,4.25
12/20/2013,4.35
12/23/2013,4.52
12/24/2013,4.52
12/25/2013,.
12/26/2013,4.4
12/27/2013,4.34
12/30/2013,4.41
12/31/2013,4.31
1/1/2014,.
1/2/2014,4.32
1/3/2014,4.39
1/6/2014,4.5
1/7/2014,4.58
1/8/2014,4.36
1/9/2014,4.15
1/10/2014,3.95
1/13/2014,4.19
1/14/2014,4.36
1/15/2014,4.45
1/16/2014,4.55
1/17/2014,4.39
1/20/2014,.
1/21/2014,4.61
1/22/2014,4.92
1/23/2014,5.64
1/24/2014,5.17
1/27/2014,5.66
1/28/2014,5.25
1/29/2014,5.23
1/30/2014,5.27
1/31/2014,5.04
2/3/2014,5.04
2/4/2014,5.78
2/5/2014,8.12
2/6/2014,6.9
2/7/2014,5.92
2/10/2014,8.15
2/11/2014,7.75
2/12/2014,5.96
2/13/2014,5.34
2/14/2014,5.54
2/17/2014,.
2/18/2014,5.8
2/19/2014,6
2/20/2014,5.96
2/21/2014,6.24
2/24/2014,6.08
2/25/2014,5.21
2/26/2014,4.81
2/27/2014,4.61
2/28/2014,4.8
3/3/2014,7.09
3/4/2014,7.98
3/5/2014,6.46
3/6/2014,4.89
3/7/2014,4.78
3/10/2014,4.67
3/11/2014,4.67
3/12/2014,4.72
3/13/2014,4.41
3/14/2014,4.4
3/17/2014,4.57
3/18/2014,4.42
3/19/2014,4.43
3/20/2014,4.39
3/21/2014,4.33
3/24/2014,4.42
3/25/2014,4.53
3/26/2014,4.44
3/27/2014,4.39
3/28/2014,4.5
3/31/2014,4.48
4/1/2014,4.39
4/2/2014,4.39
4/3/2014,4.51
4/4/2014,4.49
4/7/2014,4.58
4/8/2014,4.57
4/9/2014,4.67
4/10/2014,4.67
4/11/2014,4.67
4/14/2014,4.64
4/15/2014,4.69
4/16/2014,4.64
4/17/2014,4.64
4/18/2014,.
4/21/2014,4.76
4/22/2014,4.76
4/23/2014,4.81
4/24/2014,4.81
4/25/2014,4.83
4/28/2014,4.72
4/29/2014,4.78
4/30/2014,4.79
5/1/2014,4.79
5/2/2014,4.73
5/5/2014,4.73
5/6/2014,4.8
5/7/2014,4.82
5/8/2014,4.77
5/9/2014,4.59
5/12/2014,4.52
5/13/2014,4.47
5/14/2014,4.47
5/15/2014,4.42
5/16/2014,4.42
5/19/2014,4.54
5/20/2014,4.53
5/21/2014,4.57
5/22/2014,4.57
5/23/2014,4.4
5/26/2014,.
5/27/2014,4.4
5/28/2014,4.56
5/29/2014,4.63
5/30/2014,4.49
6/2/2014,4.49
6/3/2014,4.62
6/4/2014,4.62
6/5/2014,4.66
6/6/2014,4.66
6/9/2014,4.67
6/10/2014,4.67
6/11/2014,4.51
6/12/2014,4.51
6/13/2014,4.7
6/16/2014,4.71
6/17/2014,4.68
6/18/2014,4.68
6/19/2014,4.67
6/20/2014,4.53
6/23/2014,4.53
6/24/2014,4.49
6/25/2014,4.58
6/26/2014,4.58
6/27/2014,4.39
6/30/2014,4.39
7/1/2014,4.47
7/2/2014,4.47
7/3/2014,4.31
7/4/2014,.
7/7/2014,4.31
7/8/2014,4.18
7/9/2014,4.17
7/10/2014,4.15
7/11/2014,4.13
7/14/2014,4.13
7/15/2014,4.13
7/16/2014,4.16
7/17/2014,4.04
7/18/2014,4.08
7/21/2014,3.87
7/22/2014,3.81
7/23/2014,3.83
7/24/2014,3.83
7/25/2014,3.86
7/28/2014,3.84
7/29/2014,3.79
7/30/2014,3.78
7/31/2014,3.78
8/1/2014,3.77
8/4/2014,3.87
8/5/2014,3.87
8/6/2014,3.92
8/7/2014,3.99
8/8/2014,3.94
8/11/2014,4
8/12/2014,3.94
8/13/2014,3.9
8/14/2014,3.85
8/15/2014,3.8
8/18/2014,3.78
8/19/2014,3.84
8/20/2014,3.88
8/21/2014,3.88
8/22/2014,3.88
8/25/2014,3.94
8/26/2014,3.99
8/27/2014,4.02
8/28/2014,4.06
8/29/2014,4.04
9/1/2014,.
9/2/2014,4.01
9/3/2014,3.94
9/4/2014,3.91
9/5/2014,3.86
9/8/2014,3.86
9/9/2014,3.93
9/10/2014,3.98
9/11/2014,3.94
9/12/2014,3.82
9/15/2014,3.92
9/16/2014,3.85
9/17/2014,3.97
9/18/2014,3.99
9/19/2014,3.99
9/22/2014,3.88
9/23/2014,3.9
9/24/2014,3.84
9/25/2014,3.89
9/26/2014,3.89
9/29/2014,3.89
9/30/2014,4.14
10/1/2014,4.14
10/2/2014,4
10/3/2014,3.94
10/6/2014,3.89
10/7/2014,3.88
10/8/2014,3.88
10/9/2014,3.87
10/10/2014,3.86
10/13/2014,3.87
10/14/2014,3.91
10/15/2014,3.81
10/16/2014,3.8
10/17/2014,3.73
10/20/2014,3.69
10/21/2014,3.62
10/22/2014,3.69
10/23/2014,3.6
10/24/2014,3.53
10/27/2014,3.56
10/28/2014,3.53
10/29/2014,3.6
10/30/2014,3.76
10/31/2014,3.82
11/3/2014,3.82
11/4/2014,3.67
11/5/2014,3.83
11/6/2014,3.92
11/7/2014,3.92
11/10/2014,4.18
11/11/2014,4.18
11/12/2014,4.2
11/13/2014,4.2
11/14/2014,4.05
11/17/2014,4.26
11/18/2014,4.33
11/19/2014,4.41
11/20/2014,4.41
11/21/2014,4.32
11/24/2014,4.09
11/25/2014,4.09
11/26/2014,4.15
11/27/2014,.
11/28/2014,4.3
12/1/2014,4.3
12/2/2014,3.77
12/3/2014,3.63
12/4/2014,3.63
12/5/2014,3.42
12/8/2014,3.42
12/9/2014,3.63
12/10/2014,3.65
12/11/2014,3.68
12/12/2014,3.91
12/15/2014,3.72
12/16/2014,3.58
12/17/2014,3.72
12/18/2014,3.71
12/19/2014,3.71
12/22/2014,3.05
12/23/2014,2.99
12/24/2014,2.99
12/25/2014,.
12/26/2014,2.74
12/29/2014,3.07
12/30/2014,3.14
12/31/2014,3.14
1/1/2015,.
1/2/2015,3.01
1/5/2015,3.22
1/6/2015,2.98
1/7/2015,3.08
1/8/2015,2.92
1/9/2015,2.96
1/12/2015,2.9
1/13/2015,2.92
1/14/2015,3.15
1/15/2015,3.32
1/16/2015,3.11
1/19/2015,.
1/20/2015,2.94
1/21/2015,2.94
1/22/2015,2.95
1/23/2015,2.96
1/26/2015,2.92
1/27/2015,2.96
1/28/2015,2.89
1/29/2015,2.88
1/30/2015,2.88
2/2/2015,2.88
2/3/2015,2.67
2/4/2015,2.73
2/5/2015,2.66
2/6/2015,2.66
2/9/2015,2.62
2/10/2015,2.67
2/11/2015,2.86
2/12/2015,2.86
2/13/2015,2.75
2/16/2015,.
2/17/2015,2.75
2/18/2015,2.92
2/19/2015,2.92
2/20/2015,3.02
2/23/2015,3.22
2/24/2015,3.22
2/25/2015,3.21
2/26/2015,3.21
2/27/2015,2.79
3/2/2015,2.79
3/3/2015,3
3/4/2015,3.27
3/5/2015,3.27
3/6/2015,2.89
3/9/2015,2.75
3/10/2015,2.76
3/11/2015,2.76
3/12/2015,2.82
3/13/2015,2.72
3/16/2015,2.68
3/17/2015,2.82
3/18/2015,2.8
3/19/2015,2.86
3/20/2015,2.86
3/23/2015,2.72
3/24/2015,2.79
3/25/2015,2.77
3/26/2015,2.77
3/27/2015,2.89
3/30/2015,2.64
3/31/2015,2.65
4/1/2015,2.62
4/2/2015,2.63
4/3/2015,.
4/6/2015,2.63
4/7/2015,2.71
4/8/2015,2.71
4/9/2015,2.72
4/10/2015,2.58
4/13/2015,2.58
4/14/2015,2.58
4/15/2015,2.62
4/16/2015,2.61
4/17/2015,2.67
4/20/2015,2.57
4/21/2015,2.59
4/22/2015,2.63
4/23/2015,2.59
4/24/2015,2.59
4/27/2015,2.5
4/28/2015,2.55
4/29/2015,2.55
4/30/2015,2.56
5/1/2015,2.68
5/4/2015,2.72
5/5/2015,2.76
5/6/2015,2.76
5/7/2015,2.74
5/8/2015,2.78
5/11/2015,2.85
5/12/2015,2.85
5/13/2015,2.85
5/14/2015,2.87
5/15/2015,2.96
5/18/2015,3.01
5/19/2015,3.01
5/20/2015,3.04
5/21/2015,2.96
5/22/2015,2.96
5/25/2015,.
5/26/2015,2.82
5/27/2015,2.82
5/28/2015,2.78
5/29/2015,2.78
6/1/2015,2.78
6/2/2015,2.63
6/3/2015,2.65
6/4/2015,2.6
6/5/2015,2.6
6/8/2015,2.6
6/9/2015,2.72
6/10/2015,2.81
6/11/2015,2.88
6/12/2015,2.88
6/15/2015,2.89
6/16/2015,2.94
6/17/2015,2.93
6/18/2015,2.93
6/19/2015,2.81
6/22/2015,2.79
6/23/2015,2.83
6/24/2015,2.83
6/25/2015,2.8
6/26/2015,2.77
6/29/2015,2.77
6/30/2015,2.8
7/1/2015,2.78
7/2/2015,2.79
7/3/2015,2.79
7/6/2015,2.79
7/7/2015,2.77
7/8/2015,2.77
7/9/2015,2.7
7/10/2015,2.7
7/13/2015,2.88
7/14/2015,2.88
7/15/2015,2.93
7/16/2015,2.9
7/17/2015,2.88
7/20/2015,2.88
7/21/2015,2.84
7/22/2015,2.84
7/23/2015,2.92
7/24/2015,2.92
7/27/2015,2.92
7/28/2015,2.89
7/29/2015,2.91
7/30/2015,2.87
7/31/2015,2.76
8/3/2015,2.76
8/4/2015,2.83
8/5/2015,2.85
8/6/2015,2.76
8/7/2015,2.76
8/10/2015,2.85
8/11/2015,2.84
8/12/2015,2.93
8/13/2015,2.93
8/14/2015,2.83
8/17/2015,2.79
8/18/2015,2.71
8/19/2015,2.77
8/20/2015,2.77
8/21/2015,2.7
8/24/2015,2.65
8/25/2015,2.71
8/26/2015,2.73
8/27/2015,2.69
8/28/2015,2.69
8/31/2015,2.7
9/1/2015,2.7
9/2/2015,2.7
9/3/2015,2.67
9/4/2015,2.67
9/7/2015,2.67
9/8/2015,2.74
9/9/2015,2.74
9/10/2015,2.71
9/11/2015,2.67
9/14/2015,2.7
9/15/2015,2.74
9/16/2015,2.69
9/17/2015,2.69
9/18/2015,2.69
9/21/2015,2.61
9/22/2015,2.61
9/23/2015,2.62
9/24/2015,2.62
9/25/2015,2.6
9/28/2015,2.66
9/29/2015,2.57
9/30/2015,2.47
10/1/2015,2.37
10/2/2015,2.37
10/5/2015,2.34
10/6/2015,2.35
10/7/2015,2.35
10/8/2015,2.35
10/9/2015,2.49
10/12/2015,2.48
10/13/2015,2.47
10/14/2015,2.47
10/15/2015,2.54
10/16/2015,2.42
10/19/2015,2.43
10/20/2015,2.46
10/21/2015,2.37
10/22/2015,2.37
10/23/2015,2.28
10/26/2015,2.18
10/27/2015,2.14
10/28/2015,2.14
10/29/2015,2.15
10/30/2015,1.98
11/2/2015,1.92
11/3/2015,1.92
11/4/2015,2.04
11/5/2015,2.04
11/6/2015,2.19
11/9/2015,2.19
11/10/2015,2.14
11/11/2015,2.13
11/12/2015,2.05
11/13/2015,2.02
11/16/2015,2.02
11/17/2015,2.05
11/18/2015,2.1
11/19/2015,2.1
11/20/2015,2.18
11/23/2015,2.18
11/24/2015,2.14
11/25/2015,2.14
11/26/2015,2.14
11/27/2015,2.14
11/30/2015,2.11
12/1/2015,2.11
12/2/2015,2.19
12/3/2015,2.14
12/4/2015,2.1
12/7/2015,2.06
12/8/2015,2.01
12/9/2015,2
12/10/2015,1.95
12/11/2015,1.79
12/14/2015,1.7
12/15/2015,1.66
12/16/2015,1.7
12/17/2015,1.79
12/18/2015,1.74
12/21/2015,1.76
12/22/2015,1.73
12/23/2015,1.63
12/24/2015,1.63
12/25/2015,1.63
12/28/2015,2.11
12/29/2015,2.39
12/30/2015,2.28
12/31/2015,2.28
1/1/2016,2.28
1/4/2016,2.39
1/5/2016,2.33
1/6/2016,2.37
1/7/2016,2.35
1/8/2016,2.47
1/11/2016,2.54
1/12/2016,2.4
1/13/2016,2.28
1/14/2016,2.21
1/15/2016,2.18
1/18/2016,2.18
1/19/2016,2.23
1/20/2016,2.18
1/21/2016,2.22
1/22/2016,2.21
1/25/2016,2.16
1/26/2016,2.26
1/27/2016,2.26
1/28/2016,2.15
1/29/2016,2.28
2/1/2016,2.28
2/2/2016,2.07
2/3/2016,2.06
2/4/2016,2.07
2/5/2016,2.08
2/8/2016,2.23
2/9/2016,2.17
2/10/2016,2.16
2/11/2016,2.15
2/12/2016,2.08
2/15/2016,2.08
2/16/2016,1.95
2/17/2016,1.93
2/18/2016,1.89
2/19/2016,1.83
2/22/2016,1.86
2/23/2016,1.85
2/24/2016,1.85
2/25/2016,1.78
2/26/2016,1.78
2/29/2016,1.62
3/1/2016,1.57
3/2/2016,1.6
3/3/2016,1.59
3/4/2016,1.49
3/7/2016,1.56
3/8/2016,1.6
3/9/2016,1.61
3/10/2016,1.72
3/11/2016,1.74
3/14/2016,1.68
3/15/2016,1.81
3/16/2016,1.77
3/17/2016,1.84
3/18/2016,1.84
3/21/2016,1.79
3/22/2016,1.79
3/23/2016,1.79
3/24/2016,1.78
3/25/2016,1.78
3/28/2016,1.78
3/29/2016,1.77
3/30/2016,1.87
3/31/2016,1.98
4/1/2016,1.88
4/4/2016,1.96
4/5/2016,1.96
4/6/2016,1.91
4/7/2016,1.96
4/8/2016,1.99
4/11/2016,1.9
4/12/2016,1.97
4/13/2016,2.01
4/14/2016,1.93
4/15/2016,1.71
4/18/2016,1.76
4/19/2016,1.94
4/20/2016,1.94
4/21/2016,1.96
4/22/2016,1.92
4/25/2016,1.97
4/26/2016,1.97
4/27/2016,1.88
4/28/2016,1.88
4/29/2016,1.89
5/2/2016,1.91
5/3/2016,1.94
5/4/2016,2.03
5/5/2016,2.05
5/6/2016,1.86
5/9/2016,2.01
5/10/2016,2.01
5/11/2016,2.01
5/12/2016,2.01
5/13/2016,1.96
5/16/2016,1.91
5/17/2016,1.97
5/18/2016,1.91
5/19/2016,1.83
5/20/2016,1.81
5/23/2016,1.96
5/24/2016,1.91
5/25/2016,1.77
5/26/2016,1.77
5/27/2016,1.77
5/30/2016,1.77
5/31/2016,2.12
6/1/2016,2.25
6/2/2016,2.3
6/3/2016,2.31
6/6/2016,2.32
6/7/2016,2.32
6/8/2016,2.36
6/9/2016,2.34
6/10/2016,2.46
6/13/2016,2.55
6/14/2016,2.55
6/15/2016,2.62
6/16/2016,2.62
6/17/2016,2.59
6/20/2016,2.74
6/21/2016,2.79
6/22/2016,2.82
6/23/2016,2.69
6/24/2016,2.71
6/27/2016,2.79
6/28/2016,2.89
6/29/2016,2.94
6/30/2016,2.94
7/1/2016,2.89
7/4/2016,2.89
7/5/2016,2.82
7/6/2016,2.82
7/7/2016,2.78
7/8/2016,2.8
7/11/2016,2.88
7/12/2016,2.88
7/13/2016,2.81
7/14/2016,2.79
7/15/2016,2.7
7/18/2016,2.83
7/19/2016,2.83
7/20/2016,2.76
7/21/2016,2.76
7/22/2016,2.8
7/25/2016,2.8
7/26/2016,2.84
7/27/2016,2.84
7/28/2016,2.79
7/29/2016,2.97
8/1/2016,2.97
8/2/2016,2.79
8/3/2016,2.89
8/4/2016,2.89
8/5/2016,2.88
8/8/2016,2.85
8/9/2016,2.85
8/10/2016,2.76
8/11/2016,2.7
8/12/2016,2.7
8/15/2016,2.75
8/16/2016,2.75
8/17/2016,2.76
8/18/2016,2.75
8/19/2016,2.67
8/22/2016,2.75
8/23/2016,2.75
8/24/2016,2.82
8/25/2016,2.89
8/26/2016,2.91
8/29/2016,2.97
8/30/2016,2.95
8/31/2016,2.95
9/1/2016,2.95
9/2/2016,2.88
9/5/2016,2.88
9/6/2016,2.88
9/7/2016,2.77
9/8/2016,2.88
9/9/2016,2.93
9/12/2016,3.04
9/13/2016,3.04
9/14/2016,3.07
9/15/2016,2.98
9/16/2016,2.97
9/19/2016,3
9/20/2016,3.12
9/21/2016,3.19
9/22/2016,3.18
9/23/2016,3.06
9/26/2016,3.06
9/27/2016,3.09
9/28/2016,3.07
9/29/2016,2.98
9/30/2016,2.84
10/3/2016,2.84
10/4/2016,2.83
10/5/2016,2.83
10/6/2016,3.04
10/7/2016,3.02
10/10/2016,3.18
10/11/2016,3.17
10/12/2016,3.17
10/13/2016,3.16
10/14/2016,3.18
10/17/2016,3.21
10/18/2016,3.25
10/19/2016,3.18
10/20/2016,3.12
10/21/2016,2.92
10/24/2016,2.78
10/25/2016,2.69
10/26/2016,2.69
10/27/2016,2.72
10/28/2016,2.72
10/31/2016,2.85
11/1/2016,2.53
11/2/2016,2.53
11/3/2016,2.41
11/4/2016,2.2
11/7/2016,2.37
11/8/2016,2.34
11/9/2016,2.22
11/10/2016,2.08
11/11/2016,2.08
11/14/2016,2.26
11/15/2016,2.49
11/16/2016,2.49
11/17/2016,2.37
11/18/2016,2.6
11/21/2016,2.81
11/22/2016,2.73
11/23/2016,2.76
11/24/2016,2.76
11/25/2016,2.76
11/28/2016,2.96
11/29/2016,3.02
11/30/2016,3.32
12/1/2016,3.32
12/2/2016,3.44
12/5/2016,3.44
12/6/2016,3.75
12/7/2016,3.8
12/8/2016,3.68
12/9/2016,3.75
12/12/2016,3.6
12/13/2016,3.65
12/14/2016,3.55
12/15/2016,3.56
12/16/2016,3.51
12/19/2016,3.55
12/20/2016,3.39
12/21/2016,3.5
12/22/2016,3.5
12/23/2016,3.6
12/26/2016,3.6
12/27/2016,3.7
12/28/2016,3.7
12/29/2016,3.71
12/30/2016,3.71
1/2/2017,3.71
1/3/2017,3.41
1/4/2017,3.42
1/5/2017,3.42
1/6/2017,3.38
1/9/2017,3.14
1/10/2017,3.21
1/11/2017,3.27
1/12/2017,3.36
1/13/2017,3.36
1/16/2017,3.36
1/17/2017,3.37
1/18/2017,3.26
1/19/2017,3.25
1/20/2017,3.23
1/23/2017,3.16
1/24/2017,3.16
1/25/2017,3.26
1/26/2017,3.44
1/27/2017,3.31
1/30/2017,3.22
1/31/2017,3
2/1/2017,3.15
2/2/2017,3.13
2/3/2017,3.13
2/6/2017,2.92
2/7/2017,3.03
2/8/2017,3.05
2/9/2017,3.11
2/10/2017,3.11
2/13/2017,2.93
2/14/2017,2.85
2/15/2017,2.95
2/16/2017,2.88
2/17/2017,2.75
2/20/2017,2.75
2/21/2017,2.56
2/22/2017,2.52
2/23/2017,2.63
2/24/2017,2.63
2/27/2017,2.44
2/28/2017,2.54
3/1/2017,2.54
3/2/2017,2.59
3/3/2017,2.5
3/6/2017,2.68
3/7/2017,2.68
3/8/2017,2.59
3/9/2017,2.83
3/10/2017,2.98
3/13/2017,3.04
3/14/2017,3.02
3/15/2017,3.02
3/16/2017,2.84
3/17/2017,2.85
3/20/2017,2.93
3/21/2017,3.09
3/22/2017,3.02
3/23/2017,2.93
3/24/2017,2.97
3/27/2017,2.94
3/28/2017,2.95
3/29/2017,3.03
3/30/2017,3.08
3/31/2017,3.13
4/3/2017,3.13
4/4/2017,3.06
4/5/2017,3.22
4/6/2017,3.23
4/7/2017,3.23
4/10/2017,3.15
4/11/2017,3.11
4/12/2017,2.97
4/13/2017,3
4/14/2017,3
4/17/2017,3.09
4/18/2017,3.11
4/19/2017,3.11
4/20/2017,3.13
4/21/2017,3.06
4/24/2017,3.06
4/25/2017,2.99
4/26/2017,3.06
4/27/2017,3.13
4/28/2017,3.2
5/1/2017,3.2
5/2/2017,3.13
5/3/2017,3.14
5/4/2017,3.11
5/5/2017,3.1
5/8/2017,3.06
5/9/2017,3.03
5/10/2017,3.03
5/11/2017,3.23
5/12/2017,3.24
5/15/2017,3.26
5/16/2017,3.27
5/17/2017,3.27
5/18/2017,3.13
5/19/2017,3.11
5/22/2017,3.24
5/23/2017,3.22
5/24/2017,3.22
5/25/2017,3.1
5/26/2017,3.1
5/29/2017,3.1
5/30/2017,3.1
5/31/2017,3.05
6/1/2017,3.05
6/2/2017,2.85
6/5/2017,2.92
6/6/2017,2.92
6/7/2017,3.06
6/8/2017,2.98
6/9/2017,3.03
6/12/2017,3.12
6/13/2017,3.12
6/14/2017,2.95
6/15/2017,2.94
6/16/2017,3.01
6/19/2017,2.87
6/20/2017,2.91
6/21/2017,2.91
6/22/2017,2.88
6/23/2017,2.89
6/26/2017,2.98
6/27/2017,2.99
6/28/2017,3.03
6/29/2017,3.07
6/30/2017,2.98
7/3/2017,2.98
7/4/2017,2.98
7/5/2017,2.98
7/6/2017,2.89
7/7/2017,2.91
7/10/2017,2.92
7/11/2017,2.98
7/12/2017,3.01
7/13/2017,2.96
7/14/2017,2.94
7/17/2017,3.04
7/18/2017,3.11
7/19/2017,3.11
7/20/2017,3.12
7/21/2017,3.06
7/24/2017,2.99
7/25/2017,2.99
7/26/2017,2.92
7/27/2017,2.95
7/28/2017,2.96
7/31/2017,2.87
8/1/2017,2.8
8/2/2017,2.8
8/3/2017,2.76
8/4/2017,2.76
8/7/2017,2.8
8/8/2017,2.81
8/9/2017,2.81
8/10/2017,2.89
8/11/2017,2.96
8/14/2017,3.02
8/15/2017,2.96
8/16/2017,2.94
8/17/2017,2.91
8/18/2017,2.9
8/21/2017,3
8/22/2017,3
8/23/2017,2.94
8/24/2017,2.97
8/25/2017,2.93
8/28/2017,2.95
8/29/2017,2.95
8/30/2017,2.95
8/31/2017,2.92
9/1/2017,2.88
9/4/2017,2.88
9/5/2017,2.88
9/6/2017,2.98
9/7/2017,2.92
9/8/2017,2.88
9/11/2017,2.88
9/12/2017,2.88
9/13/2017,3.02
9/14/2017,3.03
9/15/2017,3
9/18/2017,3.11
9/19/2017,3.18
9/20/2017,3.13
9/21/2017,3.11
9/22/2017,2.93
9/25/2017,2.96
9/26/2017,2.96
9/27/2017,2.98
9/28/2017,2.96
9/29/2017,2.94
10/2/2017,2.94
10/3/2017,2.73
10/4/2017,2.8
10/5/2017,2.8
10/6/2017,2.93
10/9/2017,2.87
10/10/2017,2.89
10/11/2017,2.89
10/12/2017,2.95
10/13/2017,2.99
10/16/2017,2.87
10/17/2017,2.88
10/18/2017,2.81
10/19/2017,2.83
10/20/2017,2.8
10/23/2017,2.95
10/24/2017,2.95
10/25/2017,2.98
10/26/2017,2.91
10/27/2017,2.78
10/30/2017,2.94
10/31/2017,2.84
11/1/2017,2.68
11/2/2017,2.68
11/3/2017,2.75
11/6/2017,3.01
11/7/2017,3.07
11/8/2017,3.16
11/9/2017,3.18
11/10/2017,3.17
11/13/2017,3.13
11/14/2017,3.06
11/15/2017,3.16
11/16/2017,3.09
11/17/2017,3.04
11/20/2017,3.04
11/21/2017,3.05
11/22/2017,3.05
11/23/2017,3.05
11/24/2017,3.05
11/27/2017,2.88
11/28/2017,2.88
11/29/2017,3.06
11/30/2017,3.06
12/1/2017,2.84
12/4/2017,2.91
12/5/2017,2.86
12/6/2017,2.86
12/7/2017,2.81
12/8/2017,2.78
12/11/2017,2.81
12/12/2017,2.87
12/13/2017,2.87
12/14/2017,2.69
12/15/2017,2.6
12/18/2017,2.71
12/19/2017,2.75
12/20/2017,2.72
12/21/2017,2.64
12/22/2017,2.63
12/25/2017,.
12/26/2017,2.68
12/27/2017,2.76
12/28/2017,2.97
12/29/2017,3.69
1/1/2018,.
1/2/2018,6.24
1/3/2018,6.24
1/4/2018,4.65
1/5/2018,.
1/8/2018,2.89
1/9/2018,2.93
1/10/2018,3.16
1/11/2018,3.16
1/12/2018,4.06
1/15/2018,.
1/16/2018,5.46
1/17/2018,3.92
1/18/2018,3.92
1/19/2018,3.2
1/22/2018,3.13
1/23/2018,3.35
1/24/2018,3.54
1/25/2018,3.54
1/26/2018,3.58
1/29/2018,3.6
1/30/2018,3.6
1/31/2018,3.34
2/1/2018,3.06
2/2/2018,2.91
2/5/2018,2.85
2/6/2018,2.75
2/7/2018,2.74
2/8/2018,2.74
2/9/2018,2.66
2/12/2018,2.6
2/13/2018,2.58
2/14/2018,2.53
2/15/2018,2.49
2/16/2018,2.49
2/19/2018,.
2/20/2018,2.61
2/21/2018,2.65
2/22/2018,2.65
2/23/2018,2.58
2/26/2018,2.6
2/27/2018,2.59
2/28/2018,2.66
3/1/2018,2.67
3/2/2018,2.67
3/5/2018,2.7
3/6/2018,2.7
3/7/2018,2.8
3/8/2018,2.8
3/9/2018,2.71
3/12/2018,2.78
3/13/2018,2.76
3/14/2018,2.69
3/15/2018,2.7
3/16/2018,2.62
3/19/2018,2.62
3/20/2018,2.71
3/21/2018,2.74
3/22/2018,2.62
3/23/2018,2.58
3/26/2018,2.63
3/27/2018,2.6
3/28/2018,2.64
3/29/2018,2.81
3/30/2018,.
4/2/2018,2.75
4/3/2018,2.75
4/4/2018,2.81
4/5/2018,2.81
4/6/2018,2.81
4/9/2018,2.78
4/10/2018,2.78
4/11/2018,2.74
4/12/2018,2.76
4/13/2018,2.82
4/16/2018,2.88
4/17/2018,2.84
4/18/2018,2.85
4/19/2018,2.8
4/20/2018,2.78
4/23/2018,2.78
4/24/2018,2.79
4/25/2018,2.81
4/26/2018,2.81
4/27/2018,2.82
4/30/2018,2.75
5/1/2018,2.75
5/2/2018,2.77
5/3/2018,2.75
5/4/2018,2.75
5/7/2018,2.74
5/8/2018,2.77
5/9/2018,2.75
5/10/2018,2.78
5/11/2018,2.75
5/14/2018,2.84
5/15/2018,2.83
5/16/2018,2.85
5/17/2018,2.75
5/18/2018,2.75
5/21/2018,2.77
5/22/2018,2.76
5/23/2018,2.89
5/24/2018,2.88
5/25/2018,2.88
5/28/2018,.
5/29/2018,2.84
5/30/2018,2.83
5/31/2018,2.94
6/1/2018,2.91
6/4/2018,2.89
6/5/2018,2.89
6/6/2018,2.89
6/7/2018,3.02
6/8/2018,2.91
6/11/2018,3
6/12/2018,2.98
6/13/2018,2.98
6/14/2018,2.99
6/15/2018,3.02
6/18/2018,2.99
6/19/2018,2.95
6/20/2018,2.96
6/21/2018,3.08
6/22/2018,2.95
6/25/2018,2.96
6/26/2018,2.98
6/27/2018,3.01
6/28/2018,2.99
6/29/2018,2.96
7/2/2018,2.9
7/3/2018,2.9
7/4/2018,.
7/5/2018,2.91
7/6/2018,2.91
7/9/2018,2.9
7/10/2018,2.9
7/11/2018,2.89
7/12/2018,2.89
7/13/2018,2.86
7/16/2018,2.76
7/17/2018,2.81
7/18/2018,2.8
7/19/2018,2.75
7/20/2018,2.79
7/23/2018,2.79
7/24/2018,2.73
7/25/2018,2.82
7/26/2018,2.82
7/27/2018,2.78
7/30/2018,2.75
7/31/2018,2.82
8/1/2018,2.8
8/2/2018,2.77
8/3/2018,2.86
8/6/2018,2.85
8/7/2018,2.95
8/8/2018,2.99
8/9/2018,3.02
8/10/2018,2.96
8/13/2018,2.92
8/14/2018,3.02
8/15/2018,3.02
8/16/2018,3.02
8/17/2018,3.01
8/20/2018,3.04
8/21/2018,3.01
8/22/2018,3.02
8/23/2018,3.01
8/24/2018,2.99
8/27/2018,2.98
8/28/2018,2.98
8/29/2018,2.96
8/30/2018,2.96
8/31/2018,2.98
9/3/2018,.
9/4/2018,2.96
9/5/2018,3
9/6/2018,2.93
9/7/2018,2.88
9/10/2018,2.9
9/11/2018,2.94
9/12/2018,2.98
9/13/2018,2.94
9/14/2018,2.91
9/17/2018,2.95
9/18/2018,3
9/19/2018,3.11
9/20/2018,3.07
9/21/2018,3.02
9/24/2018,3.04
9/25/2018,3.12
9/26/2018,3.1
9/27/2018,3.05
9/28/2018,3.01
10/1/2018,3.13
10/2/2018,3.14
10/3/2018,3.26
10/4/2018,3.39
10/5/2018,3.25
10/8/2018,3.28
10/9/2018,3.4
10/10/2018,3.45
10/11/2018,3.16
10/12/2018,3.19
10/15/2018,3.26
10/16/2018,3.27
10/17/2018,3.3
10/18/2018,3.28
10/19/2018,3.2
10/22/2018,3.2
10/23/2018,3.28
10/24/2018,3.42
10/25/2018,3.42
10/26/2018,3.27
10/29/2018,3.2
10/30/2018,3.27
10/31/2018,3.31
11/1/2018,3.36
11/2/2018,3.26
11/5/2018,3.53
11/6/2018,3.53
11/7/2018,3.54
11/8/2018,3.54
11/9/2018,3.74
11/12/2018,3.96
11/13/2018,4.1
11/14/2018,4.1
11/15/2018,4.69
11/16/2018,4.3
11/19/2018,4.65
11/20/2018,4.65
11/21/2018,4.7
11/22/2018,.
11/23/2018,.
11/26/2018,4.28
11/27/2018,4.28
11/28/2018,4.5
11/29/2018,4.5
11/30/2018,4.61
12/3/2018,4.4
12/4/2018,4.4
12/5/2018,4.69
12/6/2018,4.44
12/7/2018,4.51
12/10/2018,4.54
12/11/2018,4.53
12/12/2018,4.53
12/13/2018,4.31
12/14/2018,3.99
12/17/2018,3.8
12/18/2018,3.8
12/19/2018,3.64
12/20/2018,3.7
12/21/2018,3.7
12/24/2018,.
12/25/2018,.
12/26/2018,3.42
12/27/2018,3.1
12/28/2018,3.25
12/31/2018,.
1/1/2019,.
1/2/2019,3.25
1/3/2019,2.72
1/4/2019,2.8
1/7/2019,2.74
1/8/2019,2.89
1/9/2019,2.92
1/10/2019,2.95
1/11/2019,2.95
1/14/2019,3.36
1/15/2019,3.54
1/16/2019,3.58
1/17/2019,3.58
1/18/2019,3.43
1/21/2019,.
1/22/2019,3.43
1/23/2019,3.13
1/24/2019,3.13
1/25/2019,3.07
1/28/2019,3.05
1/29/2019,2.94
1/30/2019,3
1/31/2019,2.82
2/1/2019,2.7
2/4/2019,2.57
2/5/2019,2.54
2/6/2019,2.58
2/7/2019,2.62
2/8/2019,2.66
2/11/2019,2.76
2/12/2019,2.71
2/13/2019,2.61
2/14/2019,2.61
2/15/2019,2.59
2/18/2019,.
2/19/2019,2.69
2/20/2019,2.69
2/21/2019,2.73
2/22/2019,2.74
2/25/2019,2.84
2/26/2019,2.74
2/27/2019,2.89
2/28/2019,2.89
3/1/2019,3.19
3/4/2019,4.25
3/5/2019,3.18
3/6/2019,3.18
3/7/2019,2.9
3/8/2019,2.9
3/11/2019,2.86
3/12/2019,2.83
3/13/2019,2.87
3/14/2019,2.95
3/15/2019,2.95
3/18/2019,2.9
3/19/2019,2.92
3/20/2019,2.86
3/21/2019,2.86
3/22/2019,2.75
3/25/2019,2.72
3/26/2019,2.74
3/27/2019,2.69
3/28/2019,2.69
3/29/2019,2.73
4/1/2019,2.73
4/2/2019,2.76
4/3/2019,2.74
4/4/2019,2.66
4/5/2019,2.62
4/8/2019,2.72
4/9/2019,2.71
4/10/2019,2.72
4/11/2019,2.72
4/12/2019,2.75
4/15/2019,2.75
4/16/2019,2.66
4/17/2019,2.55
4/18/2019,2.54
4/19/2019,.
4/22/2019,2.61
4/23/2019,2.53
4/24/2019,2.53
4/25/2019,2.54
4/26/2019,2.58
4/29/2019,2.58
4/30/2019,2.59
5/1/2019,2.59
5/2/2019,2.63
5/3/2019,2.59
5/6/2019,2.54
5/7/2019,2.54
5/8/2019,2.64
5/9/2019,2.62
5/10/2019,2.64
5/13/2019,2.71
5/14/2019,2.7
5/15/2019,2.69
5/16/2019,2.62
5/17/2019,2.61
5/20/2019,2.7
5/21/2019,2.73
5/22/2019,2.73
5/23/2019,2.56
5/24/2019,2.6
5/27/2019,.
5/28/2019,2.65
5/29/2019,2.69
5/30/2019,2.69
5/31/2019,2.59
6/3/2019,2.5
6/4/2019,2.45
6/5/2019,2.45
6/6/2019,2.4
6/7/2019,2.43
6/10/2019,2.42
6/11/2019,2.41
6/12/2019,2.43
6/13/2019,2.43
6/14/2019,2.37
6/17/2019,2.46
6/18/2019,2.44
6/19/2019,2.43
6/20/2019,2.38
6/21/2019,2.27
6/24/2019,2.31
6/25/2019,2.31
6/26/2019,2.34
6/27/2019,2.32
6/28/2019,2.42
7/1/2019,2.33
7/2/2019,2.3
7/3/2019,2.29
7/4/2019,.
7/5/2019,.
7/8/2019,2.39
7/9/2019,2.41
7/10/2019,2.49
7/11/2019,2.54
7/12/2019,2.54
7/15/2019,2.53
7/16/2019,2.53
7/17/2019,2.44
7/18/2019,2.38
7/19/2019,2.3
7/22/2019,2.33
7/23/2019,2.34
7/24/2019,2.33
7/25/2019,2.26
7/26/2019,2.23
7/29/2019,2.23
7/30/2019,2.22
7/31/2019,2.28
8/1/2019,2.36
8/2/2019,2.12
8/5/2019,2.02
8/6/2019,2.15
8/7/2019,2.18
8/8/2019,2.13
8/9/2019,2.09
8/12/2019,2.21
8/13/2019,2.24
8/14/2019,2.22
8/15/2019,2.19
8/16/2019,2.2
8/19/2019,2.26
8/20/2019,2.35
8/21/2019,2.31
8/22/2019,2.28
8/23/2019,2.15
8/26/2019,2.23
8/27/2019,2.24
8/28/2019,2.24
8/29/2019,2.36
8/30/2019,2.33
9/2/2019,.
9/3/2019,2.39
9/4/2019,2.48
9/5/2019,2.49
9/6/2019,2.49
9/9/2019,2.65
9/10/2019,2.67
9/11/2019,2.63
9/12/2019,2.62
9/13/2019,2.61
9/16/2019,2.75
9/17/2019,2.7
9/18/2019,2.72
9/19/2019,2.65
9/20/2019,2.34
9/23/2019,2.55
9/24/2019,2.55
9/25/2019,2.54
9/26/2019,2.57
9/27/2019,2.41
9/30/2019,2.37
10/1/2019,2.36
10/2/2019,2.36
10/3/2019,2.31
10/4/2019,2.25
10/7/2019,2.36
10/8/2019,2.29
10/9/2019,2.26
10/10/2019,2.26
10/11/2019,2.13
10/14/2019,2.13
10/15/2019,2.29
10/16/2019,2.44
10/17/2019,2.29
10/18/2019,2.08
10/21/2019,2.13
10/22/2019,2.21
10/23/2019,2.34
10/24/2019,2.33
10/25/2019,2.26
10/28/2019,2.49
10/29/2019,2.61
10/30/2019,2.71
10/31/2019,2.73
11/1/2019,2.54
11/4/2019,2.77
11/5/2019,2.77
11/6/2019,2.82
11/7/2019,2.84
11/8/2019,2.87
11/11/2019,.
11/12/2019,2.72
11/13/2019,2.66
11/14/2019,2.68
11/15/2019,2.7
11/18/2019,2.64
11/19/2019,2.53
11/20/2019,2.56
11/21/2019,2.53
11/22/2019,2.62
11/25/2019,2.51
11/26/2019,2.51
11/27/2019,2.46
11/28/2019,.
11/29/2019,2.46
12/2/2019,2.29
12/3/2019,2.42
12/4/2019,2.43
12/5/2019,2.42
12/6/2019,2.31
12/9/2019,2.17
12/10/2019,2.18
12/11/2019,2.28
12/12/2019,2.28
12/13/2019,2.28
12/16/2019,2.34
12/17/2019,2.3
12/18/2019,2.26
12/19/2019,2.21
12/20/2019,2.27
12/23/2019,2.17
12/24/2019,2.11
12/25/2019,.
12/26/2019,2.09
12/27/2019,1.75
12/30/2019,2.06
12/31/2019,2.09
1/1/2020,.
1/2/2020,2.05
1/3/2020,2.06
1/6/2020,2.1
1/7/2020,2.17
1/8/2020,2.09
1/9/2020,2.05
1/10/2020,2.05
1/13/2020,2.03
1/14/2020,2.15
1/15/2020,2.01
1/16/2020,2.06
1/17/2020,2.07
1/20/2020,.
1/21/2020,1.98
1/22/2020,1.89
1/23/2020,1.95
1/24/2020,1.91
1/27/2020,2.03
1/28/2020,1.96
1/29/2020,1.93
1/30/2020,1.94
1/31/2020,1.91
2/3/2020,1.9
2/4/2020,1.89
2/5/2020,1.89
2/6/2020,1.86
2/7/2020,1.93
2/10/2020,1.85
2/11/2020,1.85
2/12/2020,1.91
2/13/2020,1.95
2/14/2020,1.93
2/17/2020,.
2/18/2020,2.04
2/19/2020,2.01
2/20/2020,1.98
2/21/2020,1.96
2/24/2020,1.94
2/25/2020,1.93
2/26/2020,1.96
2/27/2020,1.78
2/28/2020,1.79
3/1/2020,1.79
3/2/2020,1.75
3/3/2020,1.78
3/4/2020,1.83
3/5/2020,1.89
3/6/2020,1.76
3/8/2020,1.76
3/9/2020,1.74
3/10/2020,1.91
3/11/2020,1.96
3/12/2020,1.82
3/13/2020,1.94
3/15/2020,1.94
3/16/2020,1.89
3/17/2020,1.89
3/18/2020,1.73
3/19/2020,1.68
3/20/2020,1.76
3/22/2020,1.76
3/23/2020,1.7
3/24/2020,1.73
3/25/2020,1.8
3/26/2020,1.73
3/27/2020,1.7
3/29/2020,1.7
3/30/2020,1.65
3/31/2020,1.71
4/1/2020,1.69
4/2/2020,1.55
4/3/2020,1.5
4/6/2020,1.64
4/7/2020,1.83
4/8/2020,1.86
4/9/2020,1.74
4/10/2020,.
4/13/2020,1.86
4/14/2020,1.76
4/15/2020,1.68
4/16/2020,1.59
4/17/2020,1.71
4/20/2020,1.78
4/21/2020,1.92
4/22/2020,1.9
4/23/2020,1.86
4/24/2020,1.81
4/27/2020,1.68
4/28/2020,1.8
4/29/2020,1.73
4/30/2020,1.63
5/1/2020,1.69
5/4/2020,1.78
5/5/2020,1.93
5/6/2020,1.9
5/7/2020,1.84
5/8/2020,1.74
5/11/2020,1.7
5/12/2020,1.61
5/13/2020,1.56
5/14/2020,1.6
5/15/2020,1.66
5/18/2020,1.77
5/19/2020,1.85
5/20/2020,1.83
5/21/2020,1.75
5/22/2020,1.7
5/25/2020,.
5/26/2020,1.79
5/27/2020,1.78
5/28/2020,1.79
5/29/2020,1.7
6/1/2020,1.59
6/2/2020,1.58
6/3/2020,1.84
6/4/2020,1.68
6/5/2020,1.8
6/8/2020,1.68
6/9/2020,1.68
6/10/2020,1.72
6/11/2020,1.77
6/12/2020,1.67
6/15/2020,1.64
6/16/2020,1.43
6/17/2020,1.55
6/18/2020,1.51
6/19/2020,1.49
6/22/2020,1.64
6/23/2020,1.61
6/24/2020,1.64
6/25/2020,1.53
6/26/2020,1.42
6/29/2020,1.67
6/30/2020,1.76
7/1/2020,1.69
7/2/2020,.
7/3/2020,.
7/6/2020,1.71
7/7/2020,1.76
7/8/2020,1.78
7/9/2020,1.88
7/10/2020,1.79
7/13/2020,1.75
7/14/2020,1.74
7/15/2020,1.76
7/16/2020,1.79
7/17/2020,1.79
7/20/2020,1.71
7/21/2020,1.66
7/22/2020,1.69
7/23/2020,1.75
7/24/2020,1.77
7/27/2020,1.85
7/28/2020,1.83
7/29/2020,1.77
7/30/2020,1.81
7/31/2020,1.83
8/3/2020,1.95
8/4/2020,2.07
8/5/2020,2.23
8/6/2020,2.26
8/7/2020,2.15
8/10/2020,2.18
8/11/2020,2.19
8/12/2020,2.05
8/13/2020,2.19
8/14/2020,2.23
8/17/2020,2.32
8/18/2020,2.45
8/19/2020,2.43
8/20/2020,2.35
8/21/2020,2.39
8/24/2020,2.57
8/25/2020,2.54
8/26/2020,2.52
8/27/2020,2.52
8/28/2020,2.46
8/31/2020,2.3
9/1/2020,2.22
9/2/2020,2.15
9/3/2020,2.32
9/4/2020,1.8
9/7/2020,.
9/8/2020,2.35
9/9/2020,2.21
9/10/2020,2.13
9/11/2020,1.93
9/14/2020,2.18
9/15/2020,2.19
9/16/2020,2.06
9/17/2020,1.65
9/18/2020,1.56
9/21/2020,1.33
9/22/2020,1.49
9/23/2020,1.74
9/24/2020,1.93
9/25/2020,1.9
9/28/2020,1.83
9/29/2020,1.74
9/30/2020,1.66
10/1/2020,1.6
10/2/2020,1.41
10/5/2020,1.92
10/6/2020,1.86
10/7/2020,2.01
10/8/2020,1.49
10/9/2020,2.25
10/12/2020,2.31
10/13/2020,2.14
10/14/2020,2.02
10/15/2020,2.23
10/16/2020,2.16
10/19/2020,2.3
10/20/2020,2.57
10/21/2020,2.95
10/22/2020,2.99
10/23/2020,2.91
10/26/2020,3.14
10/27/2020,3.07
10/28/2020,3.14
10/29/2020,3.06
10/30/2020,3.03
11/2/2020,3.03
11/3/2020,2.88
11/4/2020,2.63
11/5/2020,2.69
11/6/2020,2.67
11/9/2020,2.63
11/10/2020,2.74
11/11/2020,2.75
11/12/2020,2.81
11/13/2020,2.82
11/16/2020,2.62
11/17/2020,2.55
11/18/2020,2.37
11/19/2020,2.19
11/20/2020,2.22
11/23/2020,2.23
11/24/2020,2.47
11/25/2020,2.47
11/26/2020,.
11/27/2020,.
11/30/2020,2.89
12/1/2020,2.89
12/2/2020,2.75
12/3/2020,2.46
12/4/2020,2.48
12/7/2020,2.39
12/8/2020,2.36
12/9/2020,2.45
12/10/2020,2.45
12/11/2020,2.54
12/14/2020,2.69
12/15/2020,2.63
12/16/2020,2.73
12/17/2020,2.7
12/18/2020,2.73
12/21/2020,2.68
12/22/2020,2.76
12/23/2020,2.76
12/24/2020,2.68
12/25/2020,.
12/28/2020,2.39
12/29/2020,2.4
12/30/2020,2.36
12/31/2020,.
1/1/2021,.
1/4/2021,2.6
1/5/2021,2.77
1/6/2021,2.76
1/7/2021,2.81
1/8/2021,2.77
1/11/2021,2.71
1/12/2021,2.89
1/13/2021,2.82
1/14/2021,2.82
1/15/2021,2.86
1/18/2021,.
1/19/2021,2.65
1/20/2021,2.57
1/21/2021,2.49
1/22/2021,2.45
1/25/2021,2.63
1/26/2021,2.73
1/27/2021,2.77
1/28/2021,2.76
1/29/2021,2.68
2/1/2021,2.88
2/2/2021,3.24
2/3/2021,3.01
2/4/2021,2.99
2/5/2021,3.49
2/8/2021,3.4
2/9/2021,3.35
2/10/2021,3.76
2/11/2021,6.5
2/12/2021,6.12
2/15/2021,.
2/16/2021,11.32
2/17/2021,23.86
2/18/2021,8.56
2/19/2021,4.96
2/22/2021,3.16
2/23/2021,2.94
2/24/2021,2.8
2/25/2021,2.72
2/26/2021,2.66
3/1/2021,2.7
3/2/2021,2.87
3/3/2021,2.86
3/4/2021,2.79
3/5/2021,2.72
3/8/2021,2.67
3/9/2021,2.62
3/10/2021,2.62
3/11/2021,2.7
3/12/2021,2.65
3/15/2021,2.58
3/16/2021,2.5
3/17/2021,2.6
3/18/2021,2.45
3/19/2021,2.53
3/22/2021,2.55
3/23/2021,2.56
3/24/2021,2.56
3/25/2021,2.52
3/26/2021,2.52
3/29/2021,2.58
3/30/2021,2.55
3/31/2021,2.52
4/1/2021,2.52
4/2/2021,.
4/5/2021,2.43
4/6/2021,2.44
4/7/2021,2.43
4/8/2021,2.47
4/9/2021,2.48
4/12/2021,2.5
4/13/2021,2.57
4/14/2021,2.65
4/15/2021,2.62
4/16/2021,2.63
4/19/2021,2.75
4/20/2021,2.76
4/21/2021,2.72
4/22/2021,2.77
4/23/2021,2.79
4/26/2021,2.73
4/27/2021,2.91
4/28/2021,2.98
4/29/2021,2.91
4/30/2021,2.86
5/3/2021,2.96
5/4/2021,3
5/5/2021,2.99
5/6/2021,2.9
5/7/2021,2.9
5/10/2021,2.93
5/11/2021,2.91
5/12/2021,2.91
5/13/2021,2.95
5/14/2021,2.95
5/17/2021,2.99
5/18/2021,2.96
5/19/2021,2.88
5/20/2021,2.86
5/21/2021,2.84
5/24/2021,2.78
5/25/2021,2.87
5/26/2021,2.91
5/27/2021,2.85
5/28/2021,2.91
5/31/2021,.
6/1/2021,3.02
6/2/2021,3.09
6/3/2021,3.01
6/4/2021,3.01
6/7/2021,2.98
6/8/2021,3.11
6/9/2021,3.13
6/10/2021,3.13
6/11/2021,3.23
6/14/2021,3.36
6/15/2021,3.31
6/16/2021,3.25
6/17/2021,3.24
6/18/2021,3.23
6/21/2021,3.15
6/22/2021,3.21
6/23/2021,3.36
6/24/2021,3.3
6/25/2021,3.4
6/28/2021,3.62
6/29/2021,3.75
6/30/2021,3.79
7/1/2021,3.76
7/2/2021,3.67
7/5/2021,.
7/6/2021,3.68
7/7/2021,3.66
7/8/2021,3.56
7/9/2021,3.71
7/12/2021,3.7
7/13/2021,3.78
7/14/2021,3.8
7/15/2021,3.68
7/16/2021,3.7
7/19/2021,3.75
7/20/2021,3.82
7/21/2021,3.94
7/22/2021,4.02
7/23/2021,4.11
7/26/2021,4.09
7/27/2021,4.15
7/28/2021,4.1
7/29/2021,4.03
7/30/2021,3.94
8/2/2021,4.02
8/3/2021,4.06
8/4/2021,4.2
8/5/2021,4.27
8/6/2021,4.21
8/9/2021,4.24
8/10/2021,4.12
8/11/2021,4.07
8/12/2021,4.1
8/13/2021,3.95
8/16/2021,3.93
8/17/2021,3.92
8/18/2021,3.86
8/19/2021,3.83
8/20/2021,3.94
8/23/2021,3.93
8/24/2021,3.95
8/25/2021,4.03
8/26/2021,4.07
8/27/2021,4.35
8/30/2021,4.25
8/31/2021,4.33
9/1/2021,4.45
9/2/2021,4.65
9/3/2021,4.77
9/6/2021,.
9/7/2021,4.71
9/8/2021,4.66
9/9/2021,4.97
9/10/2021,5.13
9/13/2021,5.21
9/14/2021,5.39
9/15/2021,5.66
9/16/2021,5.52
9/17/2021,5.32
9/20/2021,5.25
9/21/2021,4.96
9/22/2021,4.92
9/23/2021,4.94
9/24/2021,5.1
9/27/2021,5.53
9/28/2021,5.94
9/29/2021,5.73
9/30/2021,5.58
10/1/2021,5.61
10/4/2021,5.8
10/5/2021,6.37
10/6/2021,6
10/7/2021,5.71
10/8/2021,5.46
10/11/2021,5.46
10/12/2021,5.34
10/13/2021,5.56
10/14/2021,5.92
10/15/2021,5.44
10/18/2021,5.01
10/19/2021,4.81
10/20/2021,4.87
10/21/2021,4.94
10/22/2021,5.1
10/25/2021,5.72
10/26/2021,5.59
10/27/2021,5.91
10/28/2021,5.68
10/29/2021,5.49
11/1/2021,5.22
11/2/2021,5.33
11/3/2021,5.59
11/4/2021,5.73
11/5/2021,5.51
11/8/2021,5.53
11/9/2021,5.08
11/10/2021,4.56
11/11/2021,4.81
11/12/2021,4.97
11/15/2021,4.77
11/16/2021,5.11
11/17/2021,4.82
11/18/2021,4.95
11/19/2021,4.9
11/22/2021,4.83
11/23/2021,4.95
11/24/2021,4.93
11/25/2021,.
11/26/2021,.
11/29/2021,4.9
11/30/2021,4.52
12/1/2021,4.31
12/2/2021,4.08
12/3/2021,3.79
12/6/2021,3.66
12/7/2021,3.6
12/8/2021,3.79
12/9/2021,3.67
12/10/2021,3.65
12/13/2021,4.05
12/14/2021,3.71
12/15/2021,3.79
12/16/2021,3.67
12/17/2021,3.71
12/20/2021,3.91
12/21/2021,3.96
12/22/2021,3.95
12/23/2021,3.56
12/24/2021,.
12/27/2021,3.45
12/28/2021,3.32
12/29/2021,3.4
12/30/2021,3.82
12/31/2021,3.82
1/3/2022,3.74
1/4/2022,3.73
1/5/2022,3.78
1/6/2022,3.94
1/7/2022,3.83
1/10/2022,4.16
1/11/2022,4.16
1/12/2022,4.62
1/13/2022,4.78
1/14/2022,4.37
1/17/2022,.
1/18/2022,4.55
1/19/2022,4.89
1/20/2022,4.45
1/21/2022,4.11
1/24/2022,4.2
1/25/2022,4.24
1/26/2022,4.43
1/27/2022,4.43
1/28/2022,5.69
1/31/2022,5.56
2/1/2022,5.45
2/2/2022,6.7
2/3/2022,5.84
2/4/2022,5.34
2/7/2022,4.44
2/8/2022,4.3
2/9/2022,4.13
2/10/2022,4.03
2/11/2022,4.04
2/14/2022,4.05
2/15/2022,4.31
2/16/2022,4.39
2/17/2022,4.57
2/18/2022,4.61
2/21/2022,.
2/22/2022,4.48
2/23/2022,4.59
2/24/2022,4.78
2/25/2022,4.63
2/28/2022,4.46
3/1/2022,4.36
3/2/2022,4.65
3/3/2022,4.63
3/4/2022,4.74
3/7/2022,4.93
3/8/2022,4.61
3/9/2022,4.55
3/10/2022,4.65
3/11/2022,4.79
3/14/2022,4.59
3/15/2022,4.46
3/16/2022,4.68
3/17/2022,4.8
3/18/2022,4.87
3/21/2022,4.77
3/22/2022,5
3/23/2022,5.26
3/24/2022,5.19
3/25/2022,5.51
3/28/2022,5.52
3/29/2022,5.32
3/30/2022,5.32
3/31/2022,5.46
4/1/2022,5.43
4/4/2022,5.72
4/5/2022,5.95
4/6/2022,6.29
4/7/2022,6.05
4/8/2022,6.38
4/11/2022,6.35
4/12/2022,6.59
4/13/2022,6.68
4/14/2022,6.94
4/15/2022,.
4/18/2022,7.48
4/19/2022,7.44
4/20/2022,7.12
4/21/2022,6.88
4/22/2022,6.59
4/25/2022,6.42
4/26/2022,6.89
4/27/2022,6.91
4/28/2022,6.97
4/29/2022,6.84
5/2/2022,7.3
5/3/2022,7.84
5/4/2022,8.3
5/5/2022,8.42
5/6/2022,8.35
5/9/2022,8.06
5/10/2022,6.78
5/11/2022,7.53
5/12/2022,7.25
5/13/2022,7.75
5/16/2022,8.07
5/17/2022,8.26
5/18/2022,8.53
5/19/2022,8.21
5/20/2022,7.97
5/23/2022,8.16
5/24/2022,8.87
5/25/2022,9.44
5/26/2022,9.19
5/27/2022,8.3
5/30/2022,.
5/31/2022,8.46
6/1/2022,8.47
6/2/2022,8.9
6/3/2022,8.34
6/6/2022,9.08
6/7/2022,9.28
6/8/2022,9.43
6/9/2022,8.16
6/10/2022,8.78
6/13/2022,9
6/14/2022,7.68
6/15/2022,7.72
6/16/2022,7.88
6/17/2022,7.37
6/20/2022,.
6/21/2022,6.6
6/22/2022,6.76
6/23/2022,6.54
6/24/2022,5.8
6/27/2022,6.09
6/28/2022,6.66
6/29/2022,6.69
6/30/2022,6.54
7/1/2022,5.75
7/4/2022,.
7/5/2022,5.72
7/6/2022,5.65
7/7/2022,5.83
7/8/2022,6.4
7/11/2022,6.82
7/12/2022,6.81
7/13/2022,6.68
7/14/2022,6.9
7/15/2022,6.6
7/18/2022,7.65
7/19/2022,7.35
7/20/2022,7.58
7/21/2022,7.99
7/22/2022,8.25
7/25/2022,8.52
7/26/2022,9.46
7/27/2022,8.65
7/28/2022,8.75
7/29/2022,8.33
8/1/2022,8.2
8/2/2022,8.01
8/3/2022,7.81
8/4/2022,8.4
8/5/2022,8.3
8/8/2022,7.76
8/9/2022,7.87
8/10/2022,7.86
8/11/2022,8.53
8/12/2022,8.73
8/15/2022,8.62
8/16/2022,9.28
8/17/2022,9.51
8/18/2022,9.42
8/19/2022,9.14
8/22/2022,9.85
8/23/2022,9.75
8/24/2022,9.27
8/25/2022,9.47
8/26/2022,9.48
8/29/2022,9.24
8/30/2022,9.1
8/31/2022,8.93
9/1/2022,9.38
9/2/2022,9.18
9/5/2022,.
9/6/2022,8.52
9/7/2022,8.12
9/8/2022,8.27
9/9/2022,8.31
9/12/2022,8.2
9/13/2022,8.49
9/14/2022,8.7
9/15/2022,8.6
9/16/2022,8.11
9/19/2022,7.96
9/20/2022,8.01
9/21/2022,7.99
9/22/2022,7.76
9/23/2022,6.75
9/26/2022,6.75
9/27/2022,6.83
9/28/2022,6.59
9/29/2022,6.57
9/30/2022,6.4
10/3/2022,5.64
10/4/2022,5.4
10/5/2022,5.84
10/6/2022,6.91
10/7/2022,6.25
10/10/2022,.
10/11/2022,6.2
10/12/2022,6.6
10/13/2022,6.25
10/14/2022,6.1
10/17/2022,6.08
10/18/2022,6.16
10/19/2022,5.63
10/20/2022,5.1
10/21/2022,4.45
10/24/2022,4.81
10/25/2022,5.17
10/26/2022,5.28
10/27/2022,5.3
10/28/2022,5.02
10/31/2022,5.02
11/1/2022,4.57
11/2/2022,4.58
11/3/2022,4.65
11/4/2022,4
11/7/2022,4.62
11/8/2022,4
11/9/2022,3.46
11/10/2022,4.8
11/11/2022,4.8
11/14/2022,6.24
11/15/2022,5.9
11/16/2022,5.88
11/17/2022,6.2
11/18/2022,6.1
11/21/2022,6.23
11/22/2022,6.27
11/23/2022,6.57
11/24/2022,.
11/25/2022,6.57
11/28/2022,6
11/29/2022,6.03
11/30/2022,7
12/1/2022,6.33
12/2/2022,4.92
12/5/2022,4.15
12/6/2022,4.58
12/7/2022,4.49
12/8/2022,4.79
12/9/2022,4.98
12/12/2022,6.73
12/13/2022,7.2
12/14/2022,6.54
12/15/2022,6.8
12/16/2022,6.63
12/19/2022,6.08
12/20/2022,5.28
12/21/2022,6.13
12/22/2022,7.1
12/23/2022,7.15
12/26/2022,.
12/27/2022,4.88
12/28/2022,4.06
12/29/2022,3.78
12/30/2022,3.52
1/2/2023,.
1/3/2023,3.64
1/4/2023,3.75
1/5/2023,3.78
1/6/2023,3.43
1/9/2023,3.65
1/10/2023,3.32
1/11/2023,3.41
1/12/2023,3.47
1/13/2023,3.43
1/16/2023,.
1/17/2023,3.43
1/18/2023,3.2
1/19/2023,2.91
1/20/2023,3.15
1/23/2023,3.43
1/24/2023,3.35
1/25/2023,3.09
1/26/2023,2.72
1/27/2023,2.83
1/30/2023,2.82
1/31/2023,2.65
2/1/2023,2.65
2/2/2023,2.67
2/3/2023,2.4
2/6/2023,2.17
2/7/2023,2.35
2/8/2023,2.4
2/9/2023,2.4
2/10/2023,2.37
2/13/2023,2.42
2/14/2023,2.42
2/15/2023,2.45
2/16/2023,2.48
2/17/2023,2.28
2/20/2023,.
2/21/2023,2.12
2/22/2023,2.07
2/23/2023,2.17
2/24/2023,2.36
2/27/2023,2.55
2/28/2023,2.5
3/1/2023,2.59
3/2/2023,2.67
3/3/2023,2.66
3/6/2023,2.46
3/7/2023,2.52
3/8/2023,2.5
3/9/2023,2.5
3/10/2023,2.4
3/13/2023,2.4
3/14/2023,2.65
3/15/2023,2.45
3/16/2023,2.45
3/17/2023,2.42
3/20/2023,2.23
3/21/2023,1.93
3/22/2023,2.03
3/23/2023,2.08
3/24/2023,2.04
3/27/2023,2.04
3/28/2023,2.02
3/29/2023,1.94
3/30/2023,1.95
3/31/2023,2.1
4/3/2023,2.09
4/4/2023,2.13
4/5/2023,2.17
4/6/2023,2.18
4/7/2023,.
4/10/2023,2.15
4/11/2023,2.19
4/12/2023,2.22
4/13/2023,2.04
4/14/2023,1.87
4/17/2023,2.21
4/18/2023,2.23
4/19/2023,2.2
4/20/2023,2.19
4/21/2023,2.2
4/24/2023,2.19
4/25/2023,2.21
4/26/2023,2.19
4/27/2023,2.17
4/28/2023,2.27
5/1/2023,2.24
5/2/2023,2.12
5/3/2023,2.01
5/4/2023,1.96
5/5/2023,1.85
5/8/2023,2.12
5/9/2023,2.22
5/10/2023,2.12
5/11/2023,2.07
5/12/2023,1.98
5/15/2023,2.25
5/16/2023,2.28
5/17/2023,2.25
5/18/2023,2.3
5/19/2023,2.37
5/22/2023,2.3
5/23/2023,2.22
5/24/2023,2.25
5/25/2023,2.23
5/26/2023,1.88
5/29/2023,.
5/30/2023,2.11
5/31/2023,2.1
6/1/2023,1.77
6/2/2023,1.74
6/5/2023,1.92
6/6/2023,1.95
6/7/2023,2.13
6/8/2023,2.1
6/9/2023,1.85
6/12/2023,1.9
6/13/2023,2
6/14/2023,2.05
6/15/2023,2.18
6/16/2023,2.13
6/19/2023,.
6/20/2023,2.38
6/21/2023,2.24
6/22/2023,2.27
6/23/2023,2.22
6/26/2023,2.62
6/27/2023,2.68
6/28/2023,2.71
6/29/2023,2.4
6/30/2023,2.48
7/3/2023,2.48
7/4/2023,.
7/5/2023,2.65
7/6/2023,2.5
7/7/2023,2.49
7/10/2023,2.55
7/11/2023,2.57
7/12/2023,2.55
7/13/2023,2.5
7/14/2023,2.5
7/17/2023,2.46
7/18/2023,2.52
7/19/2023,2.51
7/20/2023,2.61
7/21/2023,2.61
7/24/2023,2.68
7/25/2023,2.66
7/26/2023,2.6
7/27/2023,2.47
7/28/2023,2.53
7/31/2023,2.58
8/1/2023,2.49
8/2/2023,2.43
8/3/2023,2.44
8/4/2023,2.53
8/7/2023,2.65
8/8/2023,2.77
8/9/2023,2.92
8/10/2023,2.83
8/11/2023,2.61
8/14/2023,2.74
8/15/2023,2.65
8/16/2023,2.55
8/17/2023,2.56
8/18/2023,2.44
8/21/2023,2.6
8/22/2023,2.58
8/23/2023,2.6
8/24/2023,2.42
8/25/2023,2.46
8/28/2023,2.6
8/29/2023,2.5
8/30/2023,2.48
8/31/2023,2.56
9/1/2023,2.7
9/4/2023,.
9/5/2023,2.6
9/6/2023,2.49
9/7/2023,2.45
9/8/2023,2.53
9/11/2023,2.5
9/12/2023,2.72
9/13/2023,2.76
9/14/2023,2.81
9/15/2023,2.74
9/18/2023,2.54
9/19/2023,2.46
9/20/2023,2.78
9/21/2023,2.7
9/22/2023,2.63
9/25/2023,2.63
9/26/2023,2.55
9/27/2023,2.72
9/28/2023,2.74
9/29/2023,2.68
10/2/2023,2.7
10/3/2023,2.71
10/4/2023,2.92
10/5/2023,2.92
10/6/2023,3.3
10/9/2023,.
10/10/2023,3.34
10/11/2023,3.19
10/12/2023,3.16
10/13/2023,3.11
10/16/2023,2.98
10/17/2023,2.94
10/18/2023,2.92
10/19/2023,2.84
10/20/2023,2.6
10/23/2023,2.65
10/24/2023,2.85
10/25/2023,2.86
10/26/2023,2.87
10/27/2023,3.24
10/30/2023,3.17
10/31/2023,3.34
11/1/2023,3.19
11/2/2023,3.12
11/3/2023,3
11/6/2023,2.71
11/7/2023,2
11/8/2023,2.18
11/9/2023,2.71
11/10/2023,2.71
11/13/2023,2.61
11/14/2023,2.69
